video_path,true_label,predicted_label,correct
/kaggle/input/changing-tires/hand_tighten_bolts/hand_tighten_bolts_01.mp4,hand_tighten_bolts,lower_car,False
/kaggle/input/changing-tires/hand_tighten_bolts/hand_tighten_bolts_02.mp4,hand_tighten_bolts,hand_tighten_bolts,True
/kaggle/input/changing-tires/hand_tighten_bolts/hand_tighten_bolts_03.mp4,hand_tighten_bolts,hand_tighten_bolts,True
/kaggle/input/changing-tires/hand_tighten_bolts/hand_tighten_bolts_04.mp4,hand_tighten_bolts,hand_tighten_bolts,True
/kaggle/input/changing-tires/hand_tighten_bolts/hand_tighten_bolts_05.mp4,hand_tighten_bolts,hand_tighten_bolts,True
/kaggle/input/changing-tires/hand_tighten_bolts/hand_tighten_bolts_06.mp4,hand_tighten_bolts,place_spare_tire,False
/kaggle/input/changing-tires/hand_tighten_bolts/hand_tighten_bolts_07.mp4,hand_tighten_bolts,place_spare_tire,False
/kaggle/input/changing-tires/hand_tighten_bolts/hand_tighten_bolts_08.mp4,hand_tighten_bolts,hand_tighten_bolts,True
/kaggle/input/changing-tires/hand_tighten_bolts/hand_tighten_bolts_09.mp4,hand_tighten_bolts,hand_tighten_bolts,True
/kaggle/input/changing-tires/hand_tighten_bolts/hand_tighten_bolts_10.mp4,hand_tighten_bolts,hand_tighten_bolts,True
/kaggle/input/changing-tires/hand_tighten_bolts/hand_tighten_bolts_11.mp4,hand_tighten_bolts,hand_tighten_bolts,True
/kaggle/input/changing-tires/hand_tighten_bolts/hand_tighten_bolts_12.mp4,hand_tighten_bolts,hand_tighten_bolts,True
/kaggle/input/changing-tires/hand_tighten_bolts/hand_tighten_bolts_13.mp4,hand_tighten_bolts,hand_tighten_bolts,True
/kaggle/input/changing-tires/hand_tighten_bolts/hand_tighten_bolts_14.mp4,hand_tighten_bolts,hand_tighten_bolts,True
/kaggle/input/changing-tires/hand_tighten_bolts/hand_tighten_bolts_15.mp4,hand_tighten_bolts,hand_tighten_bolts,True
/kaggle/input/changing-tires/hand_tighten_bolts/hand_tighten_bolts_16.mp4,hand_tighten_bolts,hand_tighten_bolts,True
/kaggle/input/changing-tires/hand_tighten_bolts/hand_tighten_bolts_17.mp4,hand_tighten_bolts,hand_tighten_bolts,True
/kaggle/input/changing-tires/hand_tighten_bolts/hand_tighten_bolts_18.mp4,hand_tighten_bolts,hand_tighten_bolts,True
/kaggle/input/changing-tires/hand_tighten_bolts/hand_tighten_bolts_19.mp4,hand_tighten_bolts,hand_tighten_bolts,True
/kaggle/input/changing-tires/hand_tighten_bolts/hand_tighten_bolts_20.mp4,hand_tighten_bolts,hand_tighten_bolts,True
/kaggle/input/changing-tires/hand_tighten_bolts/hand_tighten_bolts_17_brightness.mp4,hand_tighten_bolts,hand_tighten_bolts,True
/kaggle/input/changing-tires/hand_tighten_bolts/hand_tighten_bolts_16_contrast.mp4,hand_tighten_bolts,hand_tighten_bolts,True
/kaggle/input/changing-tires/hand_tighten_bolts/hand_tighten_bolts_13_dropout.mp4,hand_tighten_bolts,hand_tighten_bolts,True
/kaggle/input/changing-tires/hand_tighten_bolts/hand_tighten_bolts_19_fast_motion.mp4,hand_tighten_bolts,hand_tighten_bolts,True
/kaggle/input/changing-tires/hand_tighten_bolts/hand_tighten_bolts_15_gaussian_blur.mp4,hand_tighten_bolts,hand_tighten_bolts,True
/kaggle/input/changing-tires/hand_tighten_bolts/hand_tighten_bolts_13_noise.mp4,hand_tighten_bolts,hand_tighten_bolts,True
/kaggle/input/changing-tires/hand_tighten_bolts/hand_tighten_bolts_13_piecewise_affine.mp4,hand_tighten_bolts,hand_tighten_bolts,True
/kaggle/input/changing-tires/hand_tighten_bolts/hand_tighten_bolts_14_random_rotate.mp4,hand_tighten_bolts,hand_tighten_bolts,True
/kaggle/input/changing-tires/hand_tighten_bolts/hand_tighten_bolts_20_shear.mp4,hand_tighten_bolts,hand_tighten_bolts,True
/kaggle/input/changing-tires/hand_tighten_bolts/hand_tighten_bolts_19_slow_motion.mp4,hand_tighten_bolts,hand_tighten_bolts,True
/kaggle/input/changing-tires/hand_tighten_bolts/hand_tighten_bolts_13_brightness.mp4,hand_tighten_bolts,hand_tighten_bolts,True
/kaggle/input/changing-tires/hand_tighten_bolts/hand_tighten_bolts_14_contrast.mp4,hand_tighten_bolts,hand_tighten_bolts,True
/kaggle/input/changing-tires/hand_tighten_bolts/hand_tighten_bolts_14_dropout.mp4,hand_tighten_bolts,hand_tighten_bolts,True
/kaggle/input/changing-tires/hand_tighten_bolts/hand_tighten_bolts_13_fast_motion.mp4,hand_tighten_bolts,hand_tighten_bolts,True
/kaggle/input/changing-tires/hand_tighten_bolts/hand_tighten_bolts_19_gaussian_blur.mp4,hand_tighten_bolts,hand_tighten_bolts,True
/kaggle/input/changing-tires/hand_tighten_bolts/hand_tighten_bolts_16_noise.mp4,hand_tighten_bolts,hand_tighten_bolts,True
/kaggle/input/changing-tires/hand_tighten_bolts/hand_tighten_bolts_20_piecewise_affine.mp4,hand_tighten_bolts,hand_tighten_bolts,True
/kaggle/input/changing-tires/hand_tighten_bolts/hand_tighten_bolts_13_random_rotate.mp4,hand_tighten_bolts,hand_tighten_bolts,True
/kaggle/input/changing-tires/hand_tighten_bolts/hand_tighten_bolts_13_shear.mp4,hand_tighten_bolts,hand_tighten_bolts,True
/kaggle/input/changing-tires/hand_tighten_bolts/hand_tighten_bolts_18_slow_motion.mp4,hand_tighten_bolts,hand_tighten_bolts,True
/kaggle/input/changing-tires/hand_tighten_bolts/hand_tighten_bolts_14_brightness.mp4,hand_tighten_bolts,hand_tighten_bolts,True
/kaggle/input/changing-tires/hand_tighten_bolts/hand_tighten_bolts_17_contrast.mp4,hand_tighten_bolts,hand_tighten_bolts,True
/kaggle/input/changing-tires/hand_tighten_bolts/hand_tighten_bolts_20_dropout.mp4,hand_tighten_bolts,hand_tighten_bolts,True
/kaggle/input/changing-tires/hand_tighten_bolts/hand_tighten_bolts_20_fast_motion.mp4,hand_tighten_bolts,hand_tighten_bolts,True
/kaggle/input/changing-tires/hand_tighten_bolts/hand_tighten_bolts_13_gaussian_blur.mp4,hand_tighten_bolts,hand_tighten_bolts,True
/kaggle/input/changing-tires/hand_tighten_bolts/hand_tighten_bolts_15_noise.mp4,hand_tighten_bolts,hand_tighten_bolts,True
/kaggle/input/changing-tires/hand_tighten_bolts/hand_tighten_bolts_16_piecewise_affine.mp4,hand_tighten_bolts,hand_tighten_bolts,True
/kaggle/input/changing-tires/hand_tighten_bolts/hand_tighten_bolts_19_random_rotate.mp4,hand_tighten_bolts,hand_tighten_bolts,True
/kaggle/input/changing-tires/hand_tighten_bolts/hand_tighten_bolts_18_shear.mp4,hand_tighten_bolts,hand_tighten_bolts,True
/kaggle/input/changing-tires/hand_tighten_bolts/hand_tighten_bolts_16_slow_motion.mp4,hand_tighten_bolts,hand_tighten_bolts,True
/kaggle/input/changing-tires/hand_tighten_bolts/hand_tighten_bolts_19_brightness.mp4,hand_tighten_bolts,hand_tighten_bolts,True
/kaggle/input/changing-tires/hand_tighten_bolts/hand_tighten_bolts_13_contrast.mp4,hand_tighten_bolts,hand_tighten_bolts,True
/kaggle/input/changing-tires/hand_tighten_bolts/hand_tighten_bolts_15_dropout.mp4,hand_tighten_bolts,hand_tighten_bolts,True
/kaggle/input/changing-tires/hand_tighten_bolts/hand_tighten_bolts_14_fast_motion.mp4,hand_tighten_bolts,hand_tighten_bolts,True
/kaggle/input/changing-tires/hand_tighten_bolts/hand_tighten_bolts_16_gaussian_blur.mp4,hand_tighten_bolts,hand_tighten_bolts,True
/kaggle/input/changing-tires/hand_tighten_bolts/hand_tighten_bolts_18_noise.mp4,hand_tighten_bolts,hand_tighten_bolts,True
/kaggle/input/changing-tires/hand_tighten_bolts/hand_tighten_bolts_14_piecewise_affine.mp4,hand_tighten_bolts,tighten_bolts,False
/kaggle/input/changing-tires/hand_tighten_bolts/hand_tighten_bolts_16_random_rotate.mp4,hand_tighten_bolts,hand_tighten_bolts,True
/kaggle/input/changing-tires/hand_tighten_bolts/hand_tighten_bolts_17_shear.mp4,hand_tighten_bolts,hand_tighten_bolts,True
/kaggle/input/changing-tires/hand_tighten_bolts/hand_tighten_bolts_14_slow_motion.mp4,hand_tighten_bolts,hand_tighten_bolts,True
/kaggle/input/changing-tires/hand_tighten_bolts/hand_tighten_bolts_20_brightness.mp4,hand_tighten_bolts,hand_tighten_bolts,True
/kaggle/input/changing-tires/hand_tighten_bolts/hand_tighten_bolts_20_contrast.mp4,hand_tighten_bolts,hand_tighten_bolts,True
/kaggle/input/changing-tires/hand_tighten_bolts/hand_tighten_bolts_16_dropout.mp4,hand_tighten_bolts,hand_tighten_bolts,True
/kaggle/input/changing-tires/hand_tighten_bolts/hand_tighten_bolts_18_fast_motion.mp4,hand_tighten_bolts,hand_tighten_bolts,True
/kaggle/input/changing-tires/hand_tighten_bolts/hand_tighten_bolts_20_gaussian_blur.mp4,hand_tighten_bolts,hand_tighten_bolts,True
/kaggle/input/changing-tires/hand_tighten_bolts/hand_tighten_bolts_20_noise.mp4,hand_tighten_bolts,hand_tighten_bolts,True
/kaggle/input/changing-tires/hand_tighten_bolts/hand_tighten_bolts_19_piecewise_affine.mp4,hand_tighten_bolts,hand_tighten_bolts,True
/kaggle/input/changing-tires/hand_tighten_bolts/hand_tighten_bolts_15_random_rotate.mp4,hand_tighten_bolts,hand_tighten_bolts,True
/kaggle/input/changing-tires/hand_tighten_bolts/hand_tighten_bolts_15_shear.mp4,hand_tighten_bolts,hand_tighten_bolts,True
/kaggle/input/changing-tires/hand_tighten_bolts/hand_tighten_bolts_13_slow_motion.mp4,hand_tighten_bolts,hand_tighten_bolts,True
/kaggle/input/changing-tires/hand_tighten_bolts/hand_tighten_bolts_15_brightness.mp4,hand_tighten_bolts,hand_tighten_bolts,True
/kaggle/input/changing-tires/hand_tighten_bolts/hand_tighten_bolts_15_contrast.mp4,hand_tighten_bolts,hand_tighten_bolts,True
/kaggle/input/changing-tires/hand_tighten_bolts/hand_tighten_bolts_18_dropout.mp4,hand_tighten_bolts,hand_tighten_bolts,True
/kaggle/input/changing-tires/hand_tighten_bolts/hand_tighten_bolts_16_fast_motion.mp4,hand_tighten_bolts,hand_tighten_bolts,True
/kaggle/input/changing-tires/hand_tighten_bolts/hand_tighten_bolts_17_gaussian_blur.mp4,hand_tighten_bolts,hand_tighten_bolts,True
/kaggle/input/changing-tires/hand_tighten_bolts/hand_tighten_bolts_17_noise.mp4,hand_tighten_bolts,tighten_bolts,False
/kaggle/input/changing-tires/hand_tighten_bolts/hand_tighten_bolts_15_piecewise_affine.mp4,hand_tighten_bolts,hand_tighten_bolts,True
/kaggle/input/changing-tires/hand_tighten_bolts/hand_tighten_bolts_20_random_rotate.mp4,hand_tighten_bolts,hand_tighten_bolts,True
/kaggle/input/changing-tires/hand_tighten_bolts/hand_tighten_bolts_16_shear.mp4,hand_tighten_bolts,hand_tighten_bolts,True
/kaggle/input/changing-tires/hand_tighten_bolts/hand_tighten_bolts_15_slow_motion.mp4,hand_tighten_bolts,hand_tighten_bolts,True
/kaggle/input/changing-tires/hand_tighten_bolts/hand_tighten_bolts_16_brightness.mp4,hand_tighten_bolts,hand_tighten_bolts,True
/kaggle/input/changing-tires/hand_tighten_bolts/hand_tighten_bolts_19_contrast.mp4,hand_tighten_bolts,hand_tighten_bolts,True
/kaggle/input/changing-tires/hand_tighten_bolts/hand_tighten_bolts_17_dropout.mp4,hand_tighten_bolts,hand_tighten_bolts,True
/kaggle/input/changing-tires/hand_tighten_bolts/hand_tighten_bolts_15_fast_motion.mp4,hand_tighten_bolts,hand_tighten_bolts,True
/kaggle/input/changing-tires/hand_tighten_bolts/hand_tighten_bolts_14_gaussian_blur.mp4,hand_tighten_bolts,hand_tighten_bolts,True
/kaggle/input/changing-tires/hand_tighten_bolts/hand_tighten_bolts_14_noise.mp4,hand_tighten_bolts,hand_tighten_bolts,True
/kaggle/input/changing-tires/hand_tighten_bolts/hand_tighten_bolts_17_piecewise_affine.mp4,hand_tighten_bolts,hand_tighten_bolts,True
/kaggle/input/changing-tires/hand_tighten_bolts/hand_tighten_bolts_18_random_rotate.mp4,hand_tighten_bolts,hand_tighten_bolts,True
/kaggle/input/changing-tires/hand_tighten_bolts/hand_tighten_bolts_19_shear.mp4,hand_tighten_bolts,hand_tighten_bolts,True
/kaggle/input/changing-tires/hand_tighten_bolts/hand_tighten_bolts_20_slow_motion.mp4,hand_tighten_bolts,hand_tighten_bolts,True
/kaggle/input/changing-tires/hand_tighten_bolts/hand_tighten_bolts_18_brightness.mp4,hand_tighten_bolts,hand_tighten_bolts,True
/kaggle/input/changing-tires/hand_tighten_bolts/hand_tighten_bolts_18_contrast.mp4,hand_tighten_bolts,hand_tighten_bolts,True
/kaggle/input/changing-tires/hand_tighten_bolts/hand_tighten_bolts_19_dropout.mp4,hand_tighten_bolts,hand_tighten_bolts,True
/kaggle/input/changing-tires/hand_tighten_bolts/hand_tighten_bolts_17_fast_motion.mp4,hand_tighten_bolts,hand_tighten_bolts,True
/kaggle/input/changing-tires/hand_tighten_bolts/hand_tighten_bolts_18_gaussian_blur.mp4,hand_tighten_bolts,hand_tighten_bolts,True
/kaggle/input/changing-tires/hand_tighten_bolts/hand_tighten_bolts_19_noise.mp4,hand_tighten_bolts,hand_tighten_bolts,True
/kaggle/input/changing-tires/hand_tighten_bolts/hand_tighten_bolts_18_piecewise_affine.mp4,hand_tighten_bolts,hand_tighten_bolts,True
/kaggle/input/changing-tires/hand_tighten_bolts/hand_tighten_bolts_17_random_rotate.mp4,hand_tighten_bolts,hand_tighten_bolts,True
/kaggle/input/changing-tires/hand_tighten_bolts/hand_tighten_bolts_14_shear.mp4,hand_tighten_bolts,hand_tighten_bolts,True
/kaggle/input/changing-tires/hand_tighten_bolts/hand_tighten_bolts_17_slow_motion.mp4,hand_tighten_bolts,hand_tighten_bolts,True
/kaggle/input/changing-tires/initial_wrench_tighten/initial_wrench_tighten_01.mp4,tighten_bolts,tighten_bolts,True
/kaggle/input/changing-tires/initial_wrench_tighten/initial_wrench_tighten_02.mp4,tighten_bolts,tighten_bolts,True
/kaggle/input/changing-tires/initial_wrench_tighten/initial_wrench_tighten_03.mp4,tighten_bolts,place_spare_tire,False
/kaggle/input/changing-tires/initial_wrench_tighten/initial_wrench_tighten_04.mp4,tighten_bolts,place_spare_tire,False
/kaggle/input/changing-tires/initial_wrench_tighten/initial_wrench_tighten_05.mp4,tighten_bolts,hand_tighten_bolts,False
/kaggle/input/changing-tires/initial_wrench_tighten/initial_wrench_tighten_06.mp4,tighten_bolts,hand_tighten_bolts,False
/kaggle/input/changing-tires/initial_wrench_tighten/initial_wrench_tighten_07.mp4,tighten_bolts,hand_tighten_bolts,False
/kaggle/input/changing-tires/initial_wrench_tighten/initial_wrench_tighten_08.mp4,tighten_bolts,tighten_bolts,True
/kaggle/input/changing-tires/initial_wrench_tighten/initial_wrench_tighten_09.mp4,tighten_bolts,tighten_bolts,True
/kaggle/input/changing-tires/initial_wrench_tighten/initial_wrench_tighten_10.mp4,tighten_bolts,tighten_bolts,True
/kaggle/input/changing-tires/initial_wrench_tighten/initial_wrench_tighten_11.mp4,tighten_bolts,tighten_bolts,True
/kaggle/input/changing-tires/initial_wrench_tighten/initial_wrench_tighten_12.mp4,tighten_bolts,tighten_bolts,True
/kaggle/input/changing-tires/initial_wrench_tighten/initial_wrench_tighten_13.mp4,tighten_bolts,place_spare_tire,False
/kaggle/input/changing-tires/initial_wrench_tighten/initial_wrench_tighten_14.mp4,tighten_bolts,tighten_bolts,True
/kaggle/input/changing-tires/initial_wrench_tighten/initial_wrench_tighten_15.mp4,tighten_bolts,tighten_bolts,True
/kaggle/input/changing-tires/initial_wrench_tighten/initial_wrench_tighten_16.mp4,tighten_bolts,tighten_bolts,True
/kaggle/input/changing-tires/initial_wrench_tighten/initial_wrench_tighten_17.mp4,tighten_bolts,tighten_bolts,True
/kaggle/input/changing-tires/initial_wrench_tighten/initial_wrench_tighten_18.mp4,tighten_bolts,tighten_bolts,True
/kaggle/input/changing-tires/initial_wrench_tighten/initial_wrench_tighten_19.mp4,tighten_bolts,tighten_bolts,True
/kaggle/input/changing-tires/initial_wrench_tighten/initial_wrench_tighten_20.mp4,tighten_bolts,tighten_bolts,True
/kaggle/input/changing-tires/initial_wrench_tighten/initial_wrench_tighten_21.mp4,tighten_bolts,remove_tire,False
/kaggle/input/changing-tires/initial_wrench_tighten/initial_wrench_tighten_09_brightness.mp4,tighten_bolts,tighten_bolts,True
/kaggle/input/changing-tires/initial_wrench_tighten/initial_wrench_tighten_12_contrast.mp4,tighten_bolts,tighten_bolts,True
/kaggle/input/changing-tires/initial_wrench_tighten/initial_wrench_tighten_08_dropout.mp4,tighten_bolts,tighten_bolts,True
/kaggle/input/changing-tires/initial_wrench_tighten/initial_wrench_tighten_08_fast_motion.mp4,tighten_bolts,tighten_bolts,True
/kaggle/input/changing-tires/initial_wrench_tighten/initial_wrench_tighten_16_gaussian_blur.mp4,tighten_bolts,tighten_bolts,True
/kaggle/input/changing-tires/initial_wrench_tighten/initial_wrench_tighten_08_noise.mp4,tighten_bolts,tighten_bolts,True
/kaggle/input/changing-tires/initial_wrench_tighten/initial_wrench_tighten_20_piecewise_affine.mp4,tighten_bolts,tighten_bolts,True
/kaggle/input/changing-tires/initial_wrench_tighten/initial_wrench_tighten_21_random_rotate.mp4,tighten_bolts,remove_tire,False
/kaggle/input/changing-tires/initial_wrench_tighten/initial_wrench_tighten_11_shear.mp4,tighten_bolts,tighten_bolts,True
/kaggle/input/changing-tires/initial_wrench_tighten/initial_wrench_tighten_16_slow_motion.mp4,tighten_bolts,tighten_bolts,True
/kaggle/input/changing-tires/initial_wrench_tighten/initial_wrench_tighten_20_brightness.mp4,tighten_bolts,tighten_bolts,True
/kaggle/input/changing-tires/initial_wrench_tighten/initial_wrench_tighten_16_contrast.mp4,tighten_bolts,tighten_bolts,True
/kaggle/input/changing-tires/initial_wrench_tighten/initial_wrench_tighten_17_dropout.mp4,tighten_bolts,tighten_bolts,True
/kaggle/input/changing-tires/initial_wrench_tighten/initial_wrench_tighten_09_fast_motion.mp4,tighten_bolts,tighten_bolts,True
/kaggle/input/changing-tires/initial_wrench_tighten/initial_wrench_tighten_17_gaussian_blur.mp4,tighten_bolts,tighten_bolts,True
/kaggle/input/changing-tires/initial_wrench_tighten/initial_wrench_tighten_10_noise.mp4,tighten_bolts,tighten_bolts,True
/kaggle/input/changing-tires/initial_wrench_tighten/initial_wrench_tighten_16_piecewise_affine.mp4,tighten_bolts,tighten_bolts,True
/kaggle/input/changing-tires/initial_wrench_tighten/initial_wrench_tighten_10_random_rotate.mp4,tighten_bolts,tighten_bolts,True
/kaggle/input/changing-tires/initial_wrench_tighten/initial_wrench_tighten_08_shear.mp4,tighten_bolts,tighten_bolts,True
/kaggle/input/changing-tires/initial_wrench_tighten/initial_wrench_tighten_14_slow_motion.mp4,tighten_bolts,tighten_bolts,True
/kaggle/input/changing-tires/initial_wrench_tighten/initial_wrench_tighten_11_brightness.mp4,tighten_bolts,tighten_bolts,True
/kaggle/input/changing-tires/initial_wrench_tighten/initial_wrench_tighten_19_contrast.mp4,tighten_bolts,tighten_bolts,True
/kaggle/input/changing-tires/initial_wrench_tighten/initial_wrench_tighten_16_dropout.mp4,tighten_bolts,hand_tighten_bolts,False
/kaggle/input/changing-tires/initial_wrench_tighten/initial_wrench_tighten_12_fast_motion.mp4,tighten_bolts,tighten_bolts,True
/kaggle/input/changing-tires/initial_wrench_tighten/initial_wrench_tighten_21_gaussian_blur.mp4,tighten_bolts,tighten_bolts,True
/kaggle/input/changing-tires/initial_wrench_tighten/initial_wrench_tighten_12_noise.mp4,tighten_bolts,tighten_bolts,True
/kaggle/input/changing-tires/initial_wrench_tighten/initial_wrench_tighten_12_piecewise_affine.mp4,tighten_bolts,tighten_bolts,True
/kaggle/input/changing-tires/initial_wrench_tighten/initial_wrench_tighten_17_random_rotate.mp4,tighten_bolts,tighten_bolts,True
/kaggle/input/changing-tires/initial_wrench_tighten/initial_wrench_tighten_09_shear.mp4,tighten_bolts,tighten_bolts,True
/kaggle/input/changing-tires/initial_wrench_tighten/initial_wrench_tighten_15_slow_motion.mp4,tighten_bolts,tighten_bolts,True
/kaggle/input/changing-tires/initial_wrench_tighten/initial_wrench_tighten_18_brightness.mp4,tighten_bolts,tighten_bolts,True
/kaggle/input/changing-tires/initial_wrench_tighten/initial_wrench_tighten_21_contrast.mp4,tighten_bolts,remove_tire,False
/kaggle/input/changing-tires/initial_wrench_tighten/initial_wrench_tighten_13_dropout.mp4,tighten_bolts,tighten_bolts,True
/kaggle/input/changing-tires/initial_wrench_tighten/initial_wrench_tighten_15_fast_motion.mp4,tighten_bolts,tighten_bolts,True
/kaggle/input/changing-tires/initial_wrench_tighten/initial_wrench_tighten_09_gaussian_blur.mp4,tighten_bolts,tighten_bolts,True
/kaggle/input/changing-tires/initial_wrench_tighten/initial_wrench_tighten_21_noise.mp4,tighten_bolts,tighten_bolts,True
/kaggle/input/changing-tires/initial_wrench_tighten/initial_wrench_tighten_14_piecewise_affine.mp4,tighten_bolts,tighten_bolts,True
/kaggle/input/changing-tires/initial_wrench_tighten/initial_wrench_tighten_13_random_rotate.mp4,tighten_bolts,place_spare_tire,False
/kaggle/input/changing-tires/initial_wrench_tighten/initial_wrench_tighten_10_shear.mp4,tighten_bolts,tighten_bolts,True
/kaggle/input/changing-tires/initial_wrench_tighten/initial_wrench_tighten_09_slow_motion.mp4,tighten_bolts,tighten_bolts,True
/kaggle/input/changing-tires/initial_wrench_tighten/initial_wrench_tighten_21_brightness.mp4,tighten_bolts,remove_tire,False
/kaggle/input/changing-tires/initial_wrench_tighten/initial_wrench_tighten_20_contrast.mp4,tighten_bolts,tighten_bolts,True
/kaggle/input/changing-tires/initial_wrench_tighten/initial_wrench_tighten_09_dropout.mp4,tighten_bolts,tighten_bolts,True
/kaggle/input/changing-tires/initial_wrench_tighten/initial_wrench_tighten_18_fast_motion.mp4,tighten_bolts,tighten_bolts,True
/kaggle/input/changing-tires/initial_wrench_tighten/initial_wrench_tighten_11_gaussian_blur.mp4,tighten_bolts,tighten_bolts,True
/kaggle/input/changing-tires/initial_wrench_tighten/initial_wrench_tighten_17_noise.mp4,tighten_bolts,tighten_bolts,True
/kaggle/input/changing-tires/initial_wrench_tighten/initial_wrench_tighten_17_piecewise_affine.mp4,tighten_bolts,tighten_bolts,True
/kaggle/input/changing-tires/initial_wrench_tighten/initial_wrench_tighten_12_random_rotate.mp4,tighten_bolts,tighten_bolts,True
/kaggle/input/changing-tires/initial_wrench_tighten/initial_wrench_tighten_14_shear.mp4,tighten_bolts,tighten_bolts,True
/kaggle/input/changing-tires/initial_wrench_tighten/initial_wrench_tighten_08_slow_motion.mp4,tighten_bolts,tighten_bolts,True
/kaggle/input/changing-tires/initial_wrench_tighten/initial_wrench_tighten_10_brightness.mp4,tighten_bolts,tighten_bolts,True
/kaggle/input/changing-tires/initial_wrench_tighten/initial_wrench_tighten_11_contrast.mp4,tighten_bolts,tighten_bolts,True
/kaggle/input/changing-tires/initial_wrench_tighten/initial_wrench_tighten_15_dropout.mp4,tighten_bolts,tighten_bolts,True
/kaggle/input/changing-tires/initial_wrench_tighten/initial_wrench_tighten_19_fast_motion.mp4,tighten_bolts,tighten_bolts,True
/kaggle/input/changing-tires/initial_wrench_tighten/initial_wrench_tighten_14_gaussian_blur.mp4,tighten_bolts,tighten_bolts,True
/kaggle/input/changing-tires/initial_wrench_tighten/initial_wrench_tighten_16_noise.mp4,tighten_bolts,tighten_bolts,True
/kaggle/input/changing-tires/initial_wrench_tighten/initial_wrench_tighten_21_piecewise_affine.mp4,tighten_bolts,tighten_bolts,True
/kaggle/input/changing-tires/initial_wrench_tighten/initial_wrench_tighten_19_random_rotate.mp4,tighten_bolts,tighten_bolts,True
/kaggle/input/changing-tires/initial_wrench_tighten/initial_wrench_tighten_17_shear.mp4,tighten_bolts,tighten_bolts,True
/kaggle/input/changing-tires/initial_wrench_tighten/initial_wrench_tighten_18_slow_motion.mp4,tighten_bolts,tighten_bolts,True
/kaggle/input/changing-tires/initial_wrench_tighten/initial_wrench_tighten_17_brightness.mp4,tighten_bolts,tighten_bolts,True
/kaggle/input/changing-tires/initial_wrench_tighten/initial_wrench_tighten_09_contrast.mp4,tighten_bolts,tighten_bolts,True
/kaggle/input/changing-tires/initial_wrench_tighten/initial_wrench_tighten_12_dropout.mp4,tighten_bolts,tighten_bolts,True
/kaggle/input/changing-tires/initial_wrench_tighten/initial_wrench_tighten_21_fast_motion.mp4,tighten_bolts,tighten_bolts,True
/kaggle/input/changing-tires/initial_wrench_tighten/initial_wrench_tighten_10_gaussian_blur.mp4,tighten_bolts,tighten_bolts,True
/kaggle/input/changing-tires/initial_wrench_tighten/initial_wrench_tighten_20_noise.mp4,tighten_bolts,tighten_bolts,True
/kaggle/input/changing-tires/initial_wrench_tighten/initial_wrench_tighten_08_piecewise_affine.mp4,tighten_bolts,tighten_bolts,True
/kaggle/input/changing-tires/initial_wrench_tighten/initial_wrench_tighten_14_random_rotate.mp4,tighten_bolts,tighten_bolts,True
/kaggle/input/changing-tires/initial_wrench_tighten/initial_wrench_tighten_12_shear.mp4,tighten_bolts,place_spare_tire,False
/kaggle/input/changing-tires/initial_wrench_tighten/initial_wrench_tighten_11_slow_motion.mp4,tighten_bolts,tighten_bolts,True
/kaggle/input/changing-tires/initial_wrench_tighten/initial_wrench_tighten_16_brightness.mp4,tighten_bolts,tighten_bolts,True
/kaggle/input/changing-tires/initial_wrench_tighten/initial_wrench_tighten_14_contrast.mp4,tighten_bolts,tighten_bolts,True
/kaggle/input/changing-tires/initial_wrench_tighten/initial_wrench_tighten_21_dropout.mp4,tighten_bolts,remove_tire,False
/kaggle/input/changing-tires/initial_wrench_tighten/initial_wrench_tighten_14_fast_motion.mp4,tighten_bolts,tighten_bolts,True
/kaggle/input/changing-tires/initial_wrench_tighten/initial_wrench_tighten_20_gaussian_blur.mp4,tighten_bolts,tighten_bolts,True
/kaggle/input/changing-tires/initial_wrench_tighten/initial_wrench_tighten_19_noise.mp4,tighten_bolts,tighten_bolts,True
/kaggle/input/changing-tires/initial_wrench_tighten/initial_wrench_tighten_13_piecewise_affine.mp4,tighten_bolts,place_spare_tire,False
/kaggle/input/changing-tires/initial_wrench_tighten/initial_wrench_tighten_16_random_rotate.mp4,tighten_bolts,tighten_bolts,True
/kaggle/input/changing-tires/initial_wrench_tighten/initial_wrench_tighten_18_shear.mp4,tighten_bolts,tighten_bolts,True
/kaggle/input/changing-tires/lift_car_with_jack/lift_car_with_jack_01.mp4,initial_wrench_tighten,loosen_bolts,False
/kaggle/input/changing-tires/lift_car_with_jack/lift_car_with_jack_02.mp4,initial_wrench_tighten,place_spare_tire,False
/kaggle/input/changing-tires/lift_car_with_jack/lift_car_with_jack_03.mp4,initial_wrench_tighten,initial_wrench_tighten,True
/kaggle/input/changing-tires/lift_car_with_jack/lift_car_with_jack_04.mp4,initial_wrench_tighten,initial_wrench_tighten,True
/kaggle/input/changing-tires/lift_car_with_jack/lift_car_with_jack_05.mp4,initial_wrench_tighten,initial_wrench_tighten,True
/kaggle/input/changing-tires/lift_car_with_jack/lift_car_with_jack_06.mp4,initial_wrench_tighten,initial_wrench_tighten,True
/kaggle/input/changing-tires/lift_car_with_jack/lift_car_with_jack_07.mp4,initial_wrench_tighten,initial_wrench_tighten,True
/kaggle/input/changing-tires/lift_car_with_jack/lift_car_with_jack_08.mp4,initial_wrench_tighten,initial_wrench_tighten,True
/kaggle/input/changing-tires/lift_car_with_jack/lift_car_with_jack_09.mp4,initial_wrench_tighten,initial_wrench_tighten,True
/kaggle/input/changing-tires/lift_car_with_jack/lift_car_with_jack_10.mp4,initial_wrench_tighten,initial_wrench_tighten,True
/kaggle/input/changing-tires/lift_car_with_jack/lift_car_with_jack_11.mp4,initial_wrench_tighten,initial_wrench_tighten,True
/kaggle/input/changing-tires/lift_car_with_jack/lift_car_with_jack_12.mp4,initial_wrench_tighten,initial_wrench_tighten,True
/kaggle/input/changing-tires/lift_car_with_jack/lift_car_with_jack_13.mp4,initial_wrench_tighten,initial_wrench_tighten,True
/kaggle/input/changing-tires/lift_car_with_jack/lift_car_with_jack_14.mp4,initial_wrench_tighten,initial_wrench_tighten,True
/kaggle/input/changing-tires/lift_car_with_jack/lift_car_with_jack_15.mp4,initial_wrench_tighten,initial_wrench_tighten,True
/kaggle/input/changing-tires/lift_car_with_jack/lift_car_with_jack_16.mp4,initial_wrench_tighten,initial_wrench_tighten,True
/kaggle/input/changing-tires/lift_car_with_jack/lift_car_with_jack_17.mp4,initial_wrench_tighten,initial_wrench_tighten,True
/kaggle/input/changing-tires/lift_car_with_jack/lift_car_with_jack_18.mp4,initial_wrench_tighten,loosen_bolts,False
/kaggle/input/changing-tires/lift_car_with_jack/lift_car_with_jack_19.mp4,initial_wrench_tighten,initial_wrench_tighten,True
/kaggle/input/changing-tires/lift_car_with_jack/lift_car_with_jack_20.mp4,initial_wrench_tighten,initial_wrench_tighten,True
/kaggle/input/changing-tires/lift_car_with_jack/lift_car_with_jack_21.mp4,initial_wrench_tighten,initial_wrench_tighten,True
/kaggle/input/changing-tires/lift_car_with_jack/lift_car_with_jack_22.mp4,initial_wrench_tighten,initial_wrench_tighten,True
/kaggle/input/changing-tires/lift_car_with_jack/lift_car_with_jack_23.mp4,initial_wrench_tighten,initial_wrench_tighten,True
/kaggle/input/changing-tires/lift_car_with_jack/lift_car_with_jack_24.mp4,initial_wrench_tighten,initial_wrench_tighten,True
/kaggle/input/changing-tires/lift_car_with_jack/lift_car_with_jack_25.mp4,initial_wrench_tighten,initial_wrench_tighten,True
/kaggle/input/changing-tires/lift_car_with_jack/lift_car_with_jack_26.mp4,initial_wrench_tighten,initial_wrench_tighten,True
/kaggle/input/changing-tires/lift_car_with_jack/lift_car_with_jack_27.mp4,initial_wrench_tighten,initial_wrench_tighten,True
/kaggle/input/changing-tires/lift_car_with_jack/lift_car_with_jack_28.mp4,initial_wrench_tighten,initial_wrench_tighten,True
/kaggle/input/changing-tires/lift_car_with_jack/lift_car_with_jack_29.mp4,initial_wrench_tighten,initial_wrench_tighten,True
/kaggle/input/changing-tires/lift_car_with_jack/lift_car_with_jack_30.mp4,initial_wrench_tighten,initial_wrench_tighten,True
/kaggle/input/changing-tires/lift_car_with_jack/lift_car_with_jack_31.mp4,initial_wrench_tighten,initial_wrench_tighten,True
/kaggle/input/changing-tires/lift_car_with_jack/lift_car_with_jack_32.mp4,initial_wrench_tighten,initial_wrench_tighten,True
/kaggle/input/changing-tires/lift_car_with_jack/lift_car_with_jack_33.mp4,initial_wrench_tighten,initial_wrench_tighten,True
/kaggle/input/changing-tires/lift_car_with_jack/lift_car_with_jack_34.mp4,initial_wrench_tighten,initial_wrench_tighten,True
/kaggle/input/changing-tires/lift_car_with_jack/lift_car_with_jack_35.mp4,initial_wrench_tighten,initial_wrench_tighten,True
/kaggle/input/changing-tires/lift_car_with_jack/lift_car_with_jack_36.mp4,initial_wrench_tighten,initial_wrench_tighten,True
/kaggle/input/changing-tires/lift_car_with_jack/lift_car_with_jack_37.mp4,initial_wrench_tighten,initial_wrench_tighten,True
/kaggle/input/changing-tires/lift_car_with_jack/lift_car_with_jack_38.mp4,initial_wrench_tighten,initial_wrench_tighten,True
/kaggle/input/changing-tires/lift_car_with_jack/lift_car_with_jack_39.mp4,initial_wrench_tighten,initial_wrench_tighten,True
/kaggle/input/changing-tires/lift_car_with_jack/lift_car_with_jack_40.mp4,initial_wrench_tighten,initial_wrench_tighten,True
/kaggle/input/changing-tires/lift_car_with_jack/lift_car_with_jack_41.mp4,initial_wrench_tighten,initial_wrench_tighten,True
/kaggle/input/changing-tires/lift_car_with_jack/lift_car_with_jack_42.mp4,initial_wrench_tighten,initial_wrench_tighten,True
/kaggle/input/changing-tires/lift_car_with_jack/lift_car_with_jack_43.mp4,initial_wrench_tighten,initial_wrench_tighten,True
/kaggle/input/changing-tires/lift_car_with_jack/lift_car_with_jack_44.mp4,initial_wrench_tighten,initial_wrench_tighten,True
/kaggle/input/changing-tires/lift_car_with_jack/lift_car_with_jack_45.mp4,initial_wrench_tighten,initial_wrench_tighten,True
/kaggle/input/changing-tires/lift_car_with_jack/lift_car_with_jack_46.mp4,initial_wrench_tighten,initial_wrench_tighten,True
/kaggle/input/changing-tires/lift_car_with_jack/lift_car_with_jack_47.mp4,initial_wrench_tighten,initial_wrench_tighten,True
/kaggle/input/changing-tires/lift_car_with_jack/lift_car_with_jack_48.mp4,initial_wrench_tighten,initial_wrench_tighten,True
/kaggle/input/changing-tires/lift_car_with_jack/lift_car_with_jack_49.mp4,initial_wrench_tighten,initial_wrench_tighten,True
/kaggle/input/changing-tires/lift_car_with_jack/lift_car_with_jack_50.mp4,initial_wrench_tighten,initial_wrench_tighten,True
/kaggle/input/changing-tires/lift_car_with_jack/lift_car_with_jack_51.mp4,initial_wrench_tighten,initial_wrench_tighten,True
/kaggle/input/changing-tires/lift_car_with_jack/lift_car_with_jack_52.mp4,initial_wrench_tighten,initial_wrench_tighten,True
/kaggle/input/changing-tires/lift_car_with_jack/lift_car_with_jack_53.mp4,initial_wrench_tighten,initial_wrench_tighten,True
/kaggle/input/changing-tires/lift_car_with_jack/lift_car_with_jack_46_brightness.mp4,initial_wrench_tighten,initial_wrench_tighten,True
/kaggle/input/changing-tires/lift_car_with_jack/lift_car_with_jack_44_contrast.mp4,initial_wrench_tighten,initial_wrench_tighten,True
/kaggle/input/changing-tires/lift_car_with_jack/lift_car_with_jack_49_dropout.mp4,initial_wrench_tighten,initial_wrench_tighten,True
/kaggle/input/changing-tires/lift_car_with_jack/lift_car_with_jack_46_fast_motion.mp4,initial_wrench_tighten,initial_wrench_tighten,True
/kaggle/input/changing-tires/lift_car_with_jack/lift_car_with_jack_25_gaussian_blur.mp4,initial_wrench_tighten,initial_wrench_tighten,True
/kaggle/input/changing-tires/lift_car_with_jack/lift_car_with_jack_27_noise.mp4,initial_wrench_tighten,initial_wrench_tighten,True
/kaggle/input/changing-tires/lift_car_with_jack/lift_car_with_jack_34_piecewise_affine.mp4,initial_wrench_tighten,initial_wrench_tighten,True
/kaggle/input/changing-tires/lift_car_with_jack/lift_car_with_jack_26_random_rotate.mp4,initial_wrench_tighten,initial_wrench_tighten,True
/kaggle/input/changing-tires/lift_car_with_jack/lift_car_with_jack_22_shear.mp4,initial_wrench_tighten,initial_wrench_tighten,True
/kaggle/input/changing-tires/lift_car_with_jack/lift_car_with_jack_48_slow_motion.mp4,initial_wrench_tighten,initial_wrench_tighten,True
/kaggle/input/changing-tires/lift_car_with_jack/lift_car_with_jack_51_brightness.mp4,initial_wrench_tighten,initial_wrench_tighten,True
/kaggle/input/changing-tires/lift_car_with_jack/lift_car_with_jack_18_contrast.mp4,initial_wrench_tighten,initial_wrench_tighten,True
/kaggle/input/changing-tires/lift_car_with_jack/lift_car_with_jack_33_dropout.mp4,initial_wrench_tighten,initial_wrench_tighten,True
/kaggle/input/changing-tires/lift_car_with_jack/lift_car_with_jack_50_fast_motion.mp4,initial_wrench_tighten,initial_wrench_tighten,True
/kaggle/input/changing-tires/lift_car_with_jack/lift_car_with_jack_50_gaussian_blur.mp4,initial_wrench_tighten,initial_wrench_tighten,True
/kaggle/input/changing-tires/lift_car_with_jack/lift_car_with_jack_42_noise.mp4,initial_wrench_tighten,initial_wrench_tighten,True
/kaggle/input/changing-tires/lift_car_with_jack/lift_car_with_jack_38_piecewise_affine.mp4,initial_wrench_tighten,initial_wrench_tighten,True
/kaggle/input/changing-tires/lift_car_with_jack/lift_car_with_jack_38_random_rotate.mp4,initial_wrench_tighten,initial_wrench_tighten,True
/kaggle/input/changing-tires/lift_car_with_jack/lift_car_with_jack_29_shear.mp4,initial_wrench_tighten,initial_wrench_tighten,True
/kaggle/input/changing-tires/lift_car_with_jack/lift_car_with_jack_42_slow_motion.mp4,initial_wrench_tighten,initial_wrench_tighten,True
/kaggle/input/changing-tires/lift_car_with_jack/lift_car_with_jack_50_brightness.mp4,initial_wrench_tighten,initial_wrench_tighten,True
/kaggle/input/changing-tires/lift_car_with_jack/lift_car_with_jack_49_contrast.mp4,initial_wrench_tighten,initial_wrench_tighten,True
/kaggle/input/changing-tires/lift_car_with_jack/lift_car_with_jack_42_dropout.mp4,initial_wrench_tighten,initial_wrench_tighten,True
/kaggle/input/changing-tires/lift_car_with_jack/lift_car_with_jack_33_fast_motion.mp4,initial_wrench_tighten,initial_wrench_tighten,True
/kaggle/input/changing-tires/lift_car_with_jack/lift_car_with_jack_35_gaussian_blur.mp4,initial_wrench_tighten,initial_wrench_tighten,True
/kaggle/input/changing-tires/lift_car_with_jack/lift_car_with_jack_18_noise.mp4,initial_wrench_tighten,initial_wrench_tighten,True
/kaggle/input/changing-tires/lift_car_with_jack/lift_car_with_jack_36_piecewise_affine.mp4,initial_wrench_tighten,initial_wrench_tighten,True
/kaggle/input/changing-tires/lift_car_with_jack/lift_car_with_jack_31_random_rotate.mp4,initial_wrench_tighten,initial_wrench_tighten,True
/kaggle/input/changing-tires/lift_car_with_jack/lift_car_with_jack_20_shear.mp4,initial_wrench_tighten,initial_wrench_tighten,True
/kaggle/input/changing-tires/lift_car_with_jack/lift_car_with_jack_43_slow_motion.mp4,initial_wrench_tighten,initial_wrench_tighten,True
/kaggle/input/changing-tires/lift_car_with_jack/lift_car_with_jack_52_brightness.mp4,initial_wrench_tighten,initial_wrench_tighten,True
/kaggle/input/changing-tires/lift_car_with_jack/lift_car_with_jack_20_contrast.mp4,initial_wrench_tighten,initial_wrench_tighten,True
/kaggle/input/changing-tires/lift_car_with_jack/lift_car_with_jack_34_dropout.mp4,initial_wrench_tighten,loosen_bolts,False
/kaggle/input/changing-tires/lift_car_with_jack/lift_car_with_jack_49_fast_motion.mp4,initial_wrench_tighten,initial_wrench_tighten,True
/kaggle/input/changing-tires/lift_car_with_jack/lift_car_with_jack_40_gaussian_blur.mp4,initial_wrench_tighten,initial_wrench_tighten,True
/kaggle/input/changing-tires/lift_car_with_jack/lift_car_with_jack_46_noise.mp4,initial_wrench_tighten,initial_wrench_tighten,True
/kaggle/input/changing-tires/lift_car_with_jack/lift_car_with_jack_29_piecewise_affine.mp4,initial_wrench_tighten,initial_wrench_tighten,True
/kaggle/input/changing-tires/lift_car_with_jack/lift_car_with_jack_46_random_rotate.mp4,initial_wrench_tighten,initial_wrench_tighten,True
/kaggle/input/changing-tires/lift_car_with_jack/lift_car_with_jack_41_shear.mp4,initial_wrench_tighten,initial_wrench_tighten,True
/kaggle/input/changing-tires/lift_car_with_jack/lift_car_with_jack_40_slow_motion.mp4,initial_wrench_tighten,initial_wrench_tighten,True
/kaggle/input/changing-tires/lift_car_with_jack/lift_car_with_jack_26_brightness.mp4,initial_wrench_tighten,initial_wrench_tighten,True
/kaggle/input/changing-tires/lift_car_with_jack/lift_car_with_jack_26_contrast.mp4,initial_wrench_tighten,initial_wrench_tighten,True
/kaggle/input/changing-tires/lift_car_with_jack/lift_car_with_jack_28_dropout.mp4,initial_wrench_tighten,initial_wrench_tighten,True
/kaggle/input/changing-tires/lift_car_with_jack/lift_car_with_jack_32_fast_motion.mp4,initial_wrench_tighten,initial_wrench_tighten,True
/kaggle/input/changing-tires/lift_car_with_jack/lift_car_with_jack_26_gaussian_blur.mp4,initial_wrench_tighten,initial_wrench_tighten,True
/kaggle/input/changing-tires/lift_car_with_jack/lift_car_with_jack_53_noise.mp4,initial_wrench_tighten,initial_wrench_tighten,True
/kaggle/input/changing-tires/lift_car_with_jack/lift_car_with_jack_41_piecewise_affine.mp4,initial_wrench_tighten,initial_wrench_tighten,True
/kaggle/input/changing-tires/loosen_bolts/loosen_bolts_01.mp4,lift_car_with_jack,remove_bolts,False
/kaggle/input/changing-tires/loosen_bolts/loosen_bolts_02.mp4,lift_car_with_jack,lift_car_with_jack,True
/kaggle/input/changing-tires/loosen_bolts/loosen_bolts_03.mp4,lift_car_with_jack,place_spare_tire,False
/kaggle/input/changing-tires/loosen_bolts/loosen_bolts_04.mp4,lift_car_with_jack,remove_bolts,False
/kaggle/input/changing-tires/loosen_bolts/loosen_bolts_05.mp4,lift_car_with_jack,lift_car_with_jack,True
/kaggle/input/changing-tires/loosen_bolts/loosen_bolts_06.mp4,lift_car_with_jack,place_spare_tire,False
/kaggle/input/changing-tires/loosen_bolts/loosen_bolts_07.mp4,lift_car_with_jack,lift_car_with_jack,True
/kaggle/input/changing-tires/loosen_bolts/loosen_bolts_08.mp4,lift_car_with_jack,lift_car_with_jack,True
/kaggle/input/changing-tires/loosen_bolts/loosen_bolts_09.mp4,lift_car_with_jack,lift_car_with_jack,True
/kaggle/input/changing-tires/loosen_bolts/loosen_bolts_10.mp4,lift_car_with_jack,lift_car_with_jack,True
/kaggle/input/changing-tires/loosen_bolts/loosen_bolts_11.mp4,lift_car_with_jack,lift_car_with_jack,True
/kaggle/input/changing-tires/loosen_bolts/loosen_bolts_12.mp4,lift_car_with_jack,lift_car_with_jack,True
/kaggle/input/changing-tires/loosen_bolts/loosen_bolts_13.mp4,lift_car_with_jack,lift_car_with_jack,True
/kaggle/input/changing-tires/loosen_bolts/loosen_bolts_14.mp4,lift_car_with_jack,lift_car_with_jack,True
/kaggle/input/changing-tires/loosen_bolts/loosen_bolts_15.mp4,lift_car_with_jack,lift_car_with_jack,True
/kaggle/input/changing-tires/loosen_bolts/loosen_bolts_16.mp4,lift_car_with_jack,lift_car_with_jack,True
/kaggle/input/changing-tires/loosen_bolts/loosen_bolts_17.mp4,lift_car_with_jack,lift_car_with_jack,True
/kaggle/input/changing-tires/loosen_bolts/loosen_bolts_18.mp4,lift_car_with_jack,lift_car_with_jack,True
/kaggle/input/changing-tires/loosen_bolts/loosen_bolts_19.mp4,lift_car_with_jack,lift_car_with_jack,True
/kaggle/input/changing-tires/loosen_bolts/loosen_bolts_07_brightness.mp4,lift_car_with_jack,lift_car_with_jack,True
/kaggle/input/changing-tires/loosen_bolts/loosen_bolts_08_contrast.mp4,lift_car_with_jack,lift_car_with_jack,True
/kaggle/input/changing-tires/loosen_bolts/loosen_bolts_07_dropout.mp4,lift_car_with_jack,lift_car_with_jack,True
/kaggle/input/changing-tires/loosen_bolts/loosen_bolts_12_fast_motion.mp4,lift_car_with_jack,lift_car_with_jack,True
/kaggle/input/changing-tires/loosen_bolts/loosen_bolts_19_gaussian_blur.mp4,lift_car_with_jack,lift_car_with_jack,True
/kaggle/input/changing-tires/loosen_bolts/loosen_bolts_10_noise.mp4,lift_car_with_jack,lift_car_with_jack,True
/kaggle/input/changing-tires/loosen_bolts/loosen_bolts_19_piecewise_affine.mp4,lift_car_with_jack,lift_car_with_jack,True
/kaggle/input/changing-tires/loosen_bolts/loosen_bolts_08_random_rotate.mp4,lift_car_with_jack,lift_car_with_jack,True
/kaggle/input/changing-tires/loosen_bolts/loosen_bolts_15_shear.mp4,lift_car_with_jack,lift_car_with_jack,True
/kaggle/input/changing-tires/loosen_bolts/loosen_bolts_10_slow_motion.mp4,lift_car_with_jack,lift_car_with_jack,True
/kaggle/input/changing-tires/loosen_bolts/loosen_bolts_16_brightness.mp4,lift_car_with_jack,lift_car_with_jack,True
/kaggle/input/changing-tires/loosen_bolts/loosen_bolts_07_contrast.mp4,lift_car_with_jack,lift_car_with_jack,True
/kaggle/input/changing-tires/loosen_bolts/loosen_bolts_16_dropout.mp4,lift_car_with_jack,lift_car_with_jack,True
/kaggle/input/changing-tires/loosen_bolts/loosen_bolts_15_fast_motion.mp4,lift_car_with_jack,lift_car_with_jack,True
/kaggle/input/changing-tires/loosen_bolts/loosen_bolts_08_gaussian_blur.mp4,lift_car_with_jack,lift_car_with_jack,True
/kaggle/input/changing-tires/loosen_bolts/loosen_bolts_12_noise.mp4,lift_car_with_jack,lift_car_with_jack,True
/kaggle/input/changing-tires/loosen_bolts/loosen_bolts_17_piecewise_affine.mp4,lift_car_with_jack,lift_car_with_jack,True
/kaggle/input/changing-tires/loosen_bolts/loosen_bolts_15_random_rotate.mp4,lift_car_with_jack,lift_car_with_jack,True
/kaggle/input/changing-tires/loosen_bolts/loosen_bolts_19_shear.mp4,lift_car_with_jack,lift_car_with_jack,True
/kaggle/input/changing-tires/loosen_bolts/loosen_bolts_09_slow_motion.mp4,lift_car_with_jack,lift_car_with_jack,True
/kaggle/input/changing-tires/loosen_bolts/loosen_bolts_14_brightness.mp4,lift_car_with_jack,lift_car_with_jack,True
/kaggle/input/changing-tires/loosen_bolts/loosen_bolts_18_contrast.mp4,lift_car_with_jack,lift_car_with_jack,True
/kaggle/input/changing-tires/loosen_bolts/loosen_bolts_19_dropout.mp4,lift_car_with_jack,lift_car_with_jack,True
/kaggle/input/changing-tires/loosen_bolts/loosen_bolts_11_fast_motion.mp4,lift_car_with_jack,lift_car_with_jack,True
/kaggle/input/changing-tires/loosen_bolts/loosen_bolts_07_gaussian_blur.mp4,lift_car_with_jack,lift_car_with_jack,True
/kaggle/input/changing-tires/loosen_bolts/loosen_bolts_16_noise.mp4,lift_car_with_jack,lift_car_with_jack,True
/kaggle/input/changing-tires/loosen_bolts/loosen_bolts_08_piecewise_affine.mp4,lift_car_with_jack,lift_car_with_jack,True
/kaggle/input/changing-tires/loosen_bolts/loosen_bolts_07_random_rotate.mp4,lift_car_with_jack,lift_car_with_jack,True
/kaggle/input/changing-tires/loosen_bolts/loosen_bolts_16_shear.mp4,lift_car_with_jack,lift_car_with_jack,True
/kaggle/input/changing-tires/loosen_bolts/loosen_bolts_19_slow_motion.mp4,lift_car_with_jack,lift_car_with_jack,True
/kaggle/input/changing-tires/loosen_bolts/loosen_bolts_09_brightness.mp4,lift_car_with_jack,lift_car_with_jack,True
/kaggle/input/changing-tires/loosen_bolts/loosen_bolts_15_contrast.mp4,lift_car_with_jack,lift_car_with_jack,True
/kaggle/input/changing-tires/loosen_bolts/loosen_bolts_18_dropout.mp4,lift_car_with_jack,lift_car_with_jack,True
/kaggle/input/changing-tires/loosen_bolts/loosen_bolts_07_fast_motion.mp4,lift_car_with_jack,lift_car_with_jack,True
/kaggle/input/changing-tires/loosen_bolts/loosen_bolts_16_gaussian_blur.mp4,lift_car_with_jack,lift_car_with_jack,True
/kaggle/input/changing-tires/loosen_bolts/loosen_bolts_07_noise.mp4,lift_car_with_jack,lift_car_with_jack,True
/kaggle/input/changing-tires/loosen_bolts/loosen_bolts_12_piecewise_affine.mp4,lift_car_with_jack,lift_car_with_jack,True
/kaggle/input/changing-tires/loosen_bolts/loosen_bolts_14_random_rotate.mp4,lift_car_with_jack,lift_car_with_jack,True
/kaggle/input/changing-tires/loosen_bolts/loosen_bolts_14_shear.mp4,lift_car_with_jack,lift_car_with_jack,True
/kaggle/input/changing-tires/loosen_bolts/loosen_bolts_15_slow_motion.mp4,lift_car_with_jack,lift_car_with_jack,True
/kaggle/input/changing-tires/loosen_bolts/loosen_bolts_11_brightness.mp4,lift_car_with_jack,lift_car_with_jack,True
/kaggle/input/changing-tires/loosen_bolts/loosen_bolts_11_contrast.mp4,lift_car_with_jack,lift_car_with_jack,True
/kaggle/input/changing-tires/loosen_bolts/loosen_bolts_14_dropout.mp4,lift_car_with_jack,lift_car_with_jack,True
/kaggle/input/changing-tires/loosen_bolts/loosen_bolts_16_fast_motion.mp4,lift_car_with_jack,lift_car_with_jack,True
/kaggle/input/changing-tires/loosen_bolts/loosen_bolts_18_gaussian_blur.mp4,lift_car_with_jack,lift_car_with_jack,True
/kaggle/input/changing-tires/loosen_bolts/loosen_bolts_11_noise.mp4,lift_car_with_jack,lift_car_with_jack,True
/kaggle/input/changing-tires/loosen_bolts/loosen_bolts_11_piecewise_affine.mp4,lift_car_with_jack,lift_car_with_jack,True
/kaggle/input/changing-tires/loosen_bolts/loosen_bolts_11_random_rotate.mp4,lift_car_with_jack,lift_car_with_jack,True
/kaggle/input/changing-tires/loosen_bolts/loosen_bolts_10_shear.mp4,lift_car_with_jack,lift_car_with_jack,True
/kaggle/input/changing-tires/loosen_bolts/loosen_bolts_08_slow_motion.mp4,lift_car_with_jack,lift_car_with_jack,True
/kaggle/input/changing-tires/loosen_bolts/loosen_bolts_17_brightness.mp4,lift_car_with_jack,lift_car_with_jack,True
/kaggle/input/changing-tires/loosen_bolts/loosen_bolts_12_contrast.mp4,lift_car_with_jack,lift_car_with_jack,True
/kaggle/input/changing-tires/loosen_bolts/loosen_bolts_10_dropout.mp4,lift_car_with_jack,lift_car_with_jack,True
/kaggle/input/changing-tires/loosen_bolts/loosen_bolts_08_fast_motion.mp4,lift_car_with_jack,lift_car_with_jack,True
/kaggle/input/changing-tires/loosen_bolts/loosen_bolts_15_gaussian_blur.mp4,lift_car_with_jack,lift_car_with_jack,True
/kaggle/input/changing-tires/loosen_bolts/loosen_bolts_09_noise.mp4,lift_car_with_jack,lift_car_with_jack,True
/kaggle/input/changing-tires/loosen_bolts/loosen_bolts_15_piecewise_affine.mp4,lift_car_with_jack,lift_car_with_jack,True
/kaggle/input/changing-tires/loosen_bolts/loosen_bolts_10_random_rotate.mp4,lift_car_with_jack,lift_car_with_jack,True
/kaggle/input/changing-tires/loosen_bolts/loosen_bolts_09_shear.mp4,lift_car_with_jack,lift_car_with_jack,True
/kaggle/input/changing-tires/loosen_bolts/loosen_bolts_17_slow_motion.mp4,lift_car_with_jack,lift_car_with_jack,True
/kaggle/input/changing-tires/loosen_bolts/loosen_bolts_08_brightness.mp4,lift_car_with_jack,lift_car_with_jack,True
/kaggle/input/changing-tires/loosen_bolts/loosen_bolts_10_contrast.mp4,lift_car_with_jack,lift_car_with_jack,True
/kaggle/input/changing-tires/loosen_bolts/loosen_bolts_12_dropout.mp4,lift_car_with_jack,lift_car_with_jack,True
/kaggle/input/changing-tires/loosen_bolts/loosen_bolts_19_fast_motion.mp4,lift_car_with_jack,lift_car_with_jack,True
/kaggle/input/changing-tires/loosen_bolts/loosen_bolts_11_gaussian_blur.mp4,lift_car_with_jack,lift_car_with_jack,True
/kaggle/input/changing-tires/loosen_bolts/loosen_bolts_14_noise.mp4,lift_car_with_jack,lift_car_with_jack,True
/kaggle/input/changing-tires/loosen_bolts/loosen_bolts_18_piecewise_affine.mp4,lift_car_with_jack,lift_car_with_jack,True
/kaggle/input/changing-tires/loosen_bolts/loosen_bolts_16_random_rotate.mp4,lift_car_with_jack,lift_car_with_jack,True
/kaggle/input/changing-tires/loosen_bolts/loosen_bolts_17_shear.mp4,lift_car_with_jack,lift_car_with_jack,True
/kaggle/input/changing-tires/loosen_bolts/loosen_bolts_13_slow_motion.mp4,lift_car_with_jack,lift_car_with_jack,True
/kaggle/input/changing-tires/loosen_bolts/loosen_bolts_13_brightness.mp4,lift_car_with_jack,lift_car_with_jack,True
/kaggle/input/changing-tires/loosen_bolts/loosen_bolts_17_contrast.mp4,lift_car_with_jack,lift_car_with_jack,True
/kaggle/input/changing-tires/loosen_bolts/loosen_bolts_13_dropout.mp4,lift_car_with_jack,lift_car_with_jack,True
/kaggle/input/changing-tires/loosen_bolts/loosen_bolts_17_fast_motion.mp4,lift_car_with_jack,lift_car_with_jack,True
/kaggle/input/changing-tires/loosen_bolts/loosen_bolts_14_gaussian_blur.mp4,lift_car_with_jack,lift_car_with_jack,True
/kaggle/input/changing-tires/loosen_bolts/loosen_bolts_15_noise.mp4,lift_car_with_jack,lift_car_with_jack,True
/kaggle/input/changing-tires/loosen_bolts/loosen_bolts_07_piecewise_affine.mp4,lift_car_with_jack,lift_car_with_jack,True
/kaggle/input/changing-tires/loosen_bolts/loosen_bolts_13_random_rotate.mp4,lift_car_with_jack,lift_car_with_jack,True
/kaggle/input/changing-tires/loosen_bolts/loosen_bolts_12_shear.mp4,lift_car_with_jack,lift_car_with_jack,True
/kaggle/input/changing-tires/loosen_bolts/loosen_bolts_07_slow_motion.mp4,lift_car_with_jack,lift_car_with_jack,True
/kaggle/input/changing-tires/loosen_bolts/loosen_bolts_12_brightness.mp4,lift_car_with_jack,lift_car_with_jack,True
/kaggle/input/changing-tires/lower_car/lower_car_01.mp4,loosen_bolts,tighten_bolts,False
/kaggle/input/changing-tires/lower_car/lower_car_02.mp4,loosen_bolts,loosen_bolts,True
/kaggle/input/changing-tires/lower_car/lower_car_03.mp4,loosen_bolts,loosen_bolts,True
/kaggle/input/changing-tires/lower_car/lower_car_04.mp4,loosen_bolts,loosen_bolts,True
/kaggle/input/changing-tires/lower_car/lower_car_05.mp4,loosen_bolts,loosen_bolts,True
/kaggle/input/changing-tires/lower_car/lower_car_06.mp4,loosen_bolts,loosen_bolts,True
/kaggle/input/changing-tires/lower_car/lower_car_07.mp4,loosen_bolts,loosen_bolts,True
/kaggle/input/changing-tires/lower_car/lower_car_08.mp4,loosen_bolts,loosen_bolts,True
/kaggle/input/changing-tires/lower_car/lower_car_09.mp4,loosen_bolts,loosen_bolts,True
/kaggle/input/changing-tires/lower_car/lower_car_10.mp4,loosen_bolts,loosen_bolts,True
/kaggle/input/changing-tires/lower_car/lower_car_11.mp4,loosen_bolts,loosen_bolts,True
/kaggle/input/changing-tires/lower_car/lower_car_12.mp4,loosen_bolts,loosen_bolts,True
/kaggle/input/changing-tires/lower_car/lower_car_13.mp4,loosen_bolts,loosen_bolts,True
/kaggle/input/changing-tires/lower_car/lower_car_14.mp4,loosen_bolts,loosen_bolts,True
/kaggle/input/changing-tires/lower_car/lower_car_15.mp4,loosen_bolts,loosen_bolts,True
/kaggle/input/changing-tires/lower_car/lower_car_16.mp4,loosen_bolts,loosen_bolts,True
/kaggle/input/changing-tires/lower_car/lower_car_17.mp4,loosen_bolts,loosen_bolts,True
/kaggle/input/changing-tires/lower_car/lower_car_18.mp4,loosen_bolts,loosen_bolts,True
/kaggle/input/changing-tires/lower_car/lower_car_19.mp4,loosen_bolts,loosen_bolts,True
/kaggle/input/changing-tires/lower_car/lower_car_20.mp4,loosen_bolts,loosen_bolts,True
/kaggle/input/changing-tires/lower_car/lower_car_21.mp4,loosen_bolts,loosen_bolts,True
/kaggle/input/changing-tires/lower_car/lower_car_22.mp4,loosen_bolts,loosen_bolts,True
/kaggle/input/changing-tires/lower_car/lower_car_23.mp4,loosen_bolts,loosen_bolts,True
/kaggle/input/changing-tires/lower_car/lower_car_24.mp4,loosen_bolts,loosen_bolts,True
/kaggle/input/changing-tires/lower_car/lower_car_25.mp4,loosen_bolts,loosen_bolts,True
/kaggle/input/changing-tires/lower_car/lower_car_26.mp4,loosen_bolts,loosen_bolts,True
/kaggle/input/changing-tires/lower_car/lower_car_27.mp4,loosen_bolts,loosen_bolts,True
/kaggle/input/changing-tires/lower_car/lower_car_28.mp4,loosen_bolts,loosen_bolts,True
/kaggle/input/changing-tires/lower_car/lower_car_29.mp4,loosen_bolts,loosen_bolts,True
/kaggle/input/changing-tires/lower_car/lower_car_30.mp4,loosen_bolts,loosen_bolts,True
/kaggle/input/changing-tires/lower_car/lower_car_31.mp4,loosen_bolts,loosen_bolts,True
/kaggle/input/changing-tires/lower_car/lower_car_32.mp4,loosen_bolts,loosen_bolts,True
/kaggle/input/changing-tires/lower_car/lower_car_33.mp4,loosen_bolts,loosen_bolts,True
/kaggle/input/changing-tires/lower_car/lower_car_34.mp4,loosen_bolts,loosen_bolts,True
/kaggle/input/changing-tires/lower_car/lower_car_35.mp4,loosen_bolts,loosen_bolts,True
/kaggle/input/changing-tires/lower_car/lower_car_29_brightness.mp4,loosen_bolts,loosen_bolts,True
/kaggle/input/changing-tires/lower_car/lower_car_20_contrast.mp4,loosen_bolts,loosen_bolts,True
/kaggle/input/changing-tires/lower_car/lower_car_32_dropout.mp4,loosen_bolts,loosen_bolts,True
/kaggle/input/changing-tires/lower_car/lower_car_27_fast_motion.mp4,loosen_bolts,loosen_bolts,True
/kaggle/input/changing-tires/lower_car/lower_car_08_gaussian_blur.mp4,loosen_bolts,loosen_bolts,True
/kaggle/input/changing-tires/lower_car/lower_car_16_noise.mp4,loosen_bolts,loosen_bolts,True
/kaggle/input/changing-tires/lower_car/lower_car_24_piecewise_affine.mp4,loosen_bolts,loosen_bolts,True
/kaggle/input/changing-tires/lower_car/lower_car_19_random_rotate.mp4,loosen_bolts,loosen_bolts,True
/kaggle/input/changing-tires/lower_car/lower_car_13_shear.mp4,loosen_bolts,loosen_bolts,True
/kaggle/input/changing-tires/lower_car/lower_car_13_slow_motion.mp4,loosen_bolts,loosen_bolts,True
/kaggle/input/changing-tires/lower_car/lower_car_09_brightness.mp4,loosen_bolts,loosen_bolts,True
/kaggle/input/changing-tires/lower_car/lower_car_28_contrast.mp4,loosen_bolts,loosen_bolts,True
/kaggle/input/changing-tires/lower_car/lower_car_19_dropout.mp4,loosen_bolts,loosen_bolts,True
/kaggle/input/changing-tires/lower_car/lower_car_18_fast_motion.mp4,loosen_bolts,loosen_bolts,True
/kaggle/input/changing-tires/lower_car/lower_car_19_gaussian_blur.mp4,loosen_bolts,loosen_bolts,True
/kaggle/input/changing-tires/lower_car/lower_car_34_noise.mp4,loosen_bolts,loosen_bolts,True
/kaggle/input/changing-tires/lower_car/lower_car_30_piecewise_affine.mp4,loosen_bolts,loosen_bolts,True
/kaggle/input/changing-tires/lower_car/lower_car_12_random_rotate.mp4,loosen_bolts,loosen_bolts,True
/kaggle/input/changing-tires/lower_car/lower_car_20_shear.mp4,loosen_bolts,loosen_bolts,True
/kaggle/input/changing-tires/lower_car/lower_car_09_slow_motion.mp4,loosen_bolts,loosen_bolts,True
/kaggle/input/changing-tires/lower_car/lower_car_25_brightness.mp4,loosen_bolts,loosen_bolts,True
/kaggle/input/changing-tires/lower_car/lower_car_27_contrast.mp4,loosen_bolts,loosen_bolts,True
/kaggle/input/changing-tires/lower_car/lower_car_18_dropout.mp4,loosen_bolts,loosen_bolts,True
/kaggle/input/changing-tires/lower_car/lower_car_31_fast_motion.mp4,loosen_bolts,loosen_bolts,True
/kaggle/input/changing-tires/lower_car/lower_car_34_gaussian_blur.mp4,loosen_bolts,loosen_bolts,True
/kaggle/input/changing-tires/lower_car/lower_car_26_noise.mp4,loosen_bolts,loosen_bolts,True
/kaggle/input/changing-tires/lower_car/lower_car_21_piecewise_affine.mp4,loosen_bolts,loosen_bolts,True
/kaggle/input/changing-tires/lower_car/lower_car_35_random_rotate.mp4,loosen_bolts,loosen_bolts,True
/kaggle/input/changing-tires/lower_car/lower_car_31_shear.mp4,loosen_bolts,loosen_bolts,True
/kaggle/input/changing-tires/lower_car/lower_car_33_slow_motion.mp4,loosen_bolts,loosen_bolts,True
/kaggle/input/changing-tires/lower_car/lower_car_22_brightness.mp4,loosen_bolts,loosen_bolts,True
/kaggle/input/changing-tires/lower_car/lower_car_09_contrast.mp4,loosen_bolts,loosen_bolts,True
/kaggle/input/changing-tires/lower_car/lower_car_13_dropout.mp4,loosen_bolts,loosen_bolts,True
/kaggle/input/changing-tires/lower_car/lower_car_30_fast_motion.mp4,loosen_bolts,loosen_bolts,True
/kaggle/input/changing-tires/lower_car/lower_car_10_gaussian_blur.mp4,loosen_bolts,loosen_bolts,True
/kaggle/input/changing-tires/lower_car/lower_car_22_noise.mp4,loosen_bolts,loosen_bolts,True
/kaggle/input/changing-tires/lower_car/lower_car_11_piecewise_affine.mp4,loosen_bolts,loosen_bolts,True
/kaggle/input/changing-tires/lower_car/lower_car_34_random_rotate.mp4,loosen_bolts,loosen_bolts,True
/kaggle/input/changing-tires/lower_car/lower_car_17_shear.mp4,loosen_bolts,loosen_bolts,True
/kaggle/input/changing-tires/lower_car/lower_car_19_slow_motion.mp4,loosen_bolts,loosen_bolts,True
/kaggle/input/changing-tires/lower_car/lower_car_12_brightness.mp4,loosen_bolts,loosen_bolts,True
/kaggle/input/changing-tires/lower_car/lower_car_23_contrast.mp4,loosen_bolts,loosen_bolts,True
/kaggle/input/changing-tires/lower_car/lower_car_16_dropout.mp4,loosen_bolts,loosen_bolts,True
/kaggle/input/changing-tires/lower_car/lower_car_06_fast_motion.mp4,loosen_bolts,loosen_bolts,True
/kaggle/input/changing-tires/lower_car/lower_car_14_gaussian_blur.mp4,loosen_bolts,loosen_bolts,True
/kaggle/input/changing-tires/lower_car/lower_car_14_noise.mp4,loosen_bolts,loosen_bolts,True
/kaggle/input/changing-tires/lower_car/lower_car_13_piecewise_affine.mp4,loosen_bolts,loosen_bolts,True
/kaggle/input/changing-tires/lower_car/lower_car_23_random_rotate.mp4,loosen_bolts,loosen_bolts,True
/kaggle/input/changing-tires/lower_car/lower_car_11_shear.mp4,loosen_bolts,loosen_bolts,True
/kaggle/input/changing-tires/lower_car/lower_car_08_slow_motion.mp4,loosen_bolts,loosen_bolts,True
/kaggle/input/changing-tires/lower_car/lower_car_15_brightness.mp4,loosen_bolts,loosen_bolts,True
/kaggle/input/changing-tires/lower_car/lower_car_15_contrast.mp4,loosen_bolts,loosen_bolts,True
/kaggle/input/changing-tires/lower_car/lower_car_31_dropout.mp4,loosen_bolts,loosen_bolts,True
/kaggle/input/changing-tires/lower_car/lower_car_12_fast_motion.mp4,loosen_bolts,loosen_bolts,True
/kaggle/input/changing-tires/lower_car/lower_car_17_gaussian_blur.mp4,loosen_bolts,loosen_bolts,True
/kaggle/input/changing-tires/lower_car/lower_car_24_noise.mp4,loosen_bolts,loosen_bolts,True
/kaggle/input/changing-tires/lower_car/lower_car_29_piecewise_affine.mp4,loosen_bolts,loosen_bolts,True
/kaggle/input/changing-tires/lower_car/lower_car_28_random_rotate.mp4,loosen_bolts,loosen_bolts,True
/kaggle/input/changing-tires/lower_car/lower_car_10_shear.mp4,loosen_bolts,loosen_bolts,True
/kaggle/input/changing-tires/lower_car/lower_car_26_slow_motion.mp4,loosen_bolts,loosen_bolts,True
/kaggle/input/changing-tires/lower_car/lower_car_13_brightness.mp4,loosen_bolts,loosen_bolts,True
/kaggle/input/changing-tires/lower_car/lower_car_07_contrast.mp4,loosen_bolts,loosen_bolts,True
/kaggle/input/changing-tires/lower_car/lower_car_20_dropout.mp4,loosen_bolts,loosen_bolts,True
/kaggle/input/changing-tires/lower_car/lower_car_32_fast_motion.mp4,loosen_bolts,loosen_bolts,True
/kaggle/input/changing-tires/lower_car/lower_car_25_gaussian_blur.mp4,loosen_bolts,loosen_bolts,True
/kaggle/input/changing-tires/place_spare_tire/place_spare_tire_01.mp4,lower_car,lower_car,True
/kaggle/input/changing-tires/place_spare_tire/place_spare_tire_02.mp4,lower_car,lower_car,True
/kaggle/input/changing-tires/place_spare_tire/place_spare_tire_03.mp4,lower_car,lower_car,True
/kaggle/input/changing-tires/place_spare_tire/place_spare_tire_04.mp4,lower_car,place_spare_tire,False
/kaggle/input/changing-tires/place_spare_tire/place_spare_tire_05.mp4,lower_car,lower_car,True
/kaggle/input/changing-tires/place_spare_tire/place_spare_tire_06.mp4,lower_car,lower_car,True
/kaggle/input/changing-tires/place_spare_tire/place_spare_tire_07.mp4,lower_car,lower_car,True
/kaggle/input/changing-tires/place_spare_tire/place_spare_tire_08.mp4,lower_car,lower_car,True
/kaggle/input/changing-tires/place_spare_tire/place_spare_tire_09.mp4,lower_car,lower_car,True
/kaggle/input/changing-tires/place_spare_tire/place_spare_tire_10.mp4,lower_car,lower_car,True
/kaggle/input/changing-tires/place_spare_tire/place_spare_tire_11.mp4,lower_car,lower_car,True
/kaggle/input/changing-tires/place_spare_tire/place_spare_tire_11_brightness.mp4,lower_car,lower_car,True
/kaggle/input/changing-tires/place_spare_tire/place_spare_tire_06_contrast.mp4,lower_car,lower_car,True
/kaggle/input/changing-tires/place_spare_tire/place_spare_tire_09_dropout.mp4,lower_car,lower_car,True
/kaggle/input/changing-tires/place_spare_tire/place_spare_tire_07_fast_motion.mp4,lower_car,lower_car,True
/kaggle/input/changing-tires/place_spare_tire/place_spare_tire_01_gaussian_blur.mp4,lower_car,lower_car,True
/kaggle/input/changing-tires/place_spare_tire/place_spare_tire_08_noise.mp4,lower_car,lower_car,True
/kaggle/input/changing-tires/place_spare_tire/place_spare_tire_08_piecewise_affine.mp4,lower_car,lower_car,True
/kaggle/input/changing-tires/place_spare_tire/place_spare_tire_01_random_rotate.mp4,lower_car,lower_car,True
/kaggle/input/changing-tires/place_spare_tire/place_spare_tire_01_shear.mp4,lower_car,lower_car,True
/kaggle/input/changing-tires/place_spare_tire/place_spare_tire_10_slow_motion.mp4,lower_car,lower_car,True
/kaggle/input/changing-tires/place_spare_tire/place_spare_tire_06_brightness.mp4,lower_car,lower_car,True
/kaggle/input/changing-tires/place_spare_tire/place_spare_tire_09_contrast.mp4,lower_car,lower_car,True
/kaggle/input/changing-tires/place_spare_tire/place_spare_tire_11_dropout.mp4,lower_car,lift_car_with_jack,False
/kaggle/input/changing-tires/place_spare_tire/place_spare_tire_11_fast_motion.mp4,lower_car,lower_car,True
/kaggle/input/changing-tires/place_spare_tire/place_spare_tire_05_gaussian_blur.mp4,lower_car,lower_car,True
/kaggle/input/changing-tires/place_spare_tire/place_spare_tire_07_noise.mp4,lower_car,lower_car,True
/kaggle/input/changing-tires/place_spare_tire/place_spare_tire_04_piecewise_affine.mp4,lower_car,place_spare_tire,False
/kaggle/input/changing-tires/place_spare_tire/place_spare_tire_02_random_rotate.mp4,lower_car,lower_car,True
/kaggle/input/changing-tires/place_spare_tire/place_spare_tire_06_shear.mp4,lower_car,lower_car,True
/kaggle/input/changing-tires/place_spare_tire/place_spare_tire_09_slow_motion.mp4,lower_car,lower_car,True
/kaggle/input/changing-tires/place_spare_tire/place_spare_tire_07_brightness.mp4,lower_car,lower_car,True
/kaggle/input/changing-tires/place_spare_tire/place_spare_tire_01_contrast.mp4,lower_car,lower_car,True
/kaggle/input/changing-tires/place_spare_tire/place_spare_tire_03_dropout.mp4,lower_car,hand_tighten_bolts,False
/kaggle/input/changing-tires/place_spare_tire/place_spare_tire_01_fast_motion.mp4,lower_car,lower_car,True
/kaggle/input/changing-tires/place_spare_tire/place_spare_tire_04_gaussian_blur.mp4,lower_car,place_spare_tire,False
/kaggle/input/changing-tires/place_spare_tire/place_spare_tire_01_noise.mp4,lower_car,lower_car,True
/kaggle/input/changing-tires/place_spare_tire/place_spare_tire_05_piecewise_affine.mp4,lower_car,lower_car,True
/kaggle/input/changing-tires/place_spare_tire/place_spare_tire_09_random_rotate.mp4,lower_car,lower_car,True
/kaggle/input/changing-tires/place_spare_tire/place_spare_tire_07_shear.mp4,lower_car,lower_car,True
/kaggle/input/changing-tires/place_spare_tire/place_spare_tire_11_slow_motion.mp4,lower_car,lower_car,True
/kaggle/input/changing-tires/place_spare_tire/place_spare_tire_04_brightness.mp4,lower_car,place_spare_tire,False
/kaggle/input/changing-tires/place_spare_tire/place_spare_tire_05_contrast.mp4,lower_car,lower_car,True
/kaggle/input/changing-tires/place_spare_tire/place_spare_tire_01_dropout.mp4,lower_car,lower_car,True
/kaggle/input/changing-tires/place_spare_tire/place_spare_tire_08_fast_motion.mp4,lower_car,lower_car,True
/kaggle/input/changing-tires/place_spare_tire/place_spare_tire_08_gaussian_blur.mp4,lower_car,lower_car,True
/kaggle/input/changing-tires/place_spare_tire/place_spare_tire_09_noise.mp4,lower_car,lower_car,True
/kaggle/input/changing-tires/place_spare_tire/place_spare_tire_09_piecewise_affine.mp4,lower_car,lower_car,True
/kaggle/input/changing-tires/place_spare_tire/place_spare_tire_10_random_rotate.mp4,lower_car,lower_car,True
/kaggle/input/changing-tires/place_spare_tire/place_spare_tire_08_shear.mp4,lower_car,lower_car,True
/kaggle/input/changing-tires/place_spare_tire/place_spare_tire_05_slow_motion.mp4,lower_car,lower_car,True
/kaggle/input/changing-tires/place_spare_tire/place_spare_tire_02_brightness.mp4,lower_car,lower_car,True
/kaggle/input/changing-tires/place_spare_tire/place_spare_tire_04_contrast.mp4,lower_car,place_spare_tire,False
/kaggle/input/changing-tires/place_spare_tire/place_spare_tire_06_dropout.mp4,lower_car,hand_tighten_bolts,False
/kaggle/input/changing-tires/place_spare_tire/place_spare_tire_05_fast_motion.mp4,lower_car,lower_car,True
/kaggle/input/changing-tires/place_spare_tire/place_spare_tire_09_gaussian_blur.mp4,lower_car,lower_car,True
/kaggle/input/changing-tires/place_spare_tire/place_spare_tire_11_noise.mp4,lower_car,lower_car,True
/kaggle/input/changing-tires/place_spare_tire/place_spare_tire_01_piecewise_affine.mp4,lower_car,lower_car,True
/kaggle/input/changing-tires/place_spare_tire/place_spare_tire_05_random_rotate.mp4,lower_car,lower_car,True
/kaggle/input/changing-tires/place_spare_tire/place_spare_tire_11_shear.mp4,lower_car,lower_car,True
/kaggle/input/changing-tires/place_spare_tire/place_spare_tire_06_slow_motion.mp4,lower_car,lower_car,True
/kaggle/input/changing-tires/place_spare_tire/place_spare_tire_05_brightness.mp4,lower_car,lower_car,True
/kaggle/input/changing-tires/place_spare_tire/place_spare_tire_10_contrast.mp4,lower_car,lower_car,True
/kaggle/input/changing-tires/place_spare_tire/place_spare_tire_02_dropout.mp4,lower_car,loosen_bolts,False
/kaggle/input/changing-tires/place_spare_tire/place_spare_tire_04_fast_motion.mp4,lower_car,place_spare_tire,False
/kaggle/input/changing-tires/place_spare_tire/place_spare_tire_03_gaussian_blur.mp4,lower_car,lower_car,True
/kaggle/input/changing-tires/place_spare_tire/place_spare_tire_02_noise.mp4,lower_car,lower_car,True
/kaggle/input/changing-tires/place_spare_tire/place_spare_tire_02_piecewise_affine.mp4,lower_car,lower_car,True
/kaggle/input/changing-tires/place_spare_tire/place_spare_tire_04_random_rotate.mp4,lower_car,place_spare_tire,False
/kaggle/input/changing-tires/place_spare_tire/place_spare_tire_10_shear.mp4,lower_car,lower_car,True
/kaggle/input/changing-tires/place_spare_tire/place_spare_tire_07_slow_motion.mp4,lower_car,lower_car,True
/kaggle/input/changing-tires/place_spare_tire/place_spare_tire_10_brightness.mp4,lower_car,lower_car,True
/kaggle/input/changing-tires/place_spare_tire/place_spare_tire_08_contrast.mp4,lower_car,lower_car,True
/kaggle/input/changing-tires/place_spare_tire/place_spare_tire_07_dropout.mp4,lower_car,lower_car,True
/kaggle/input/changing-tires/place_spare_tire/place_spare_tire_10_fast_motion.mp4,lower_car,lower_car,True
/kaggle/input/changing-tires/place_spare_tire/place_spare_tire_07_gaussian_blur.mp4,lower_car,lower_car,True
/kaggle/input/changing-tires/place_spare_tire/place_spare_tire_10_noise.mp4,lower_car,lower_car,True
/kaggle/input/changing-tires/place_spare_tire/place_spare_tire_06_piecewise_affine.mp4,lower_car,lower_car,True
/kaggle/input/changing-tires/place_spare_tire/place_spare_tire_03_random_rotate.mp4,lower_car,lower_car,True
/kaggle/input/changing-tires/place_spare_tire/place_spare_tire_05_shear.mp4,lower_car,lower_car,True
/kaggle/input/changing-tires/place_spare_tire/place_spare_tire_03_slow_motion.mp4,lower_car,lower_car,True
/kaggle/input/changing-tires/place_spare_tire/place_spare_tire_08_brightness.mp4,lower_car,lower_car,True
/kaggle/input/changing-tires/place_spare_tire/place_spare_tire_11_contrast.mp4,lower_car,lower_car,True
/kaggle/input/changing-tires/place_spare_tire/place_spare_tire_08_dropout.mp4,lower_car,lower_car,True
/kaggle/input/changing-tires/place_spare_tire/place_spare_tire_06_fast_motion.mp4,lower_car,lower_car,True
/kaggle/input/changing-tires/place_spare_tire/place_spare_tire_02_gaussian_blur.mp4,lower_car,lower_car,True
/kaggle/input/changing-tires/place_spare_tire/place_spare_tire_04_noise.mp4,lower_car,place_spare_tire,False
/kaggle/input/changing-tires/place_spare_tire/place_spare_tire_03_piecewise_affine.mp4,lower_car,lower_car,True
/kaggle/input/changing-tires/place_spare_tire/place_spare_tire_11_random_rotate.mp4,lower_car,lower_car,True
/kaggle/input/changing-tires/place_spare_tire/place_spare_tire_04_shear.mp4,lower_car,place_spare_tire,False
/kaggle/input/changing-tires/place_spare_tire/place_spare_tire_01_slow_motion.mp4,lower_car,lower_car,True
/kaggle/input/changing-tires/place_spare_tire/place_spare_tire_01_brightness.mp4,lower_car,lower_car,True
/kaggle/input/changing-tires/place_spare_tire/place_spare_tire_02_contrast.mp4,lower_car,lower_car,True
/kaggle/input/changing-tires/place_spare_tire/place_spare_tire_10_dropout.mp4,lower_car,lower_car,True
/kaggle/input/changing-tires/place_spare_tire/place_spare_tire_09_fast_motion.mp4,lower_car,lower_car,True
/kaggle/input/changing-tires/place_spare_tire/place_spare_tire_10_gaussian_blur.mp4,lower_car,lower_car,True
/kaggle/input/changing-tires/place_spare_tire/place_spare_tire_05_noise.mp4,lower_car,lower_car,True
/kaggle/input/changing-tires/place_spare_tire/place_spare_tire_11_piecewise_affine.mp4,lower_car,lower_car,True
/kaggle/input/changing-tires/place_spare_tire/place_spare_tire_08_random_rotate.mp4,lower_car,lower_car,True
/kaggle/input/changing-tires/place_spare_tire/place_spare_tire_03_shear.mp4,lower_car,lower_car,True
/kaggle/input/changing-tires/remove_bolts/remove_bolts_01.mp4,place_spare_tire,remove_bolts,False
/kaggle/input/changing-tires/remove_bolts/remove_bolts_02.mp4,place_spare_tire,place_spare_tire,True
/kaggle/input/changing-tires/remove_bolts/remove_bolts_03.mp4,place_spare_tire,place_spare_tire,True
/kaggle/input/changing-tires/remove_bolts/remove_bolts_04.mp4,place_spare_tire,place_spare_tire,True
/kaggle/input/changing-tires/remove_bolts/remove_bolts_05.mp4,place_spare_tire,place_spare_tire,True
/kaggle/input/changing-tires/remove_bolts/remove_bolts_06.mp4,place_spare_tire,place_spare_tire,True
/kaggle/input/changing-tires/remove_bolts/remove_bolts_07.mp4,place_spare_tire,place_spare_tire,True
/kaggle/input/changing-tires/remove_bolts/remove_bolts_08.mp4,place_spare_tire,place_spare_tire,True
/kaggle/input/changing-tires/remove_bolts/remove_bolts_09.mp4,place_spare_tire,place_spare_tire,True
/kaggle/input/changing-tires/remove_bolts/remove_bolts_10.mp4,place_spare_tire,place_spare_tire,True
/kaggle/input/changing-tires/remove_bolts/remove_bolts_11.mp4,place_spare_tire,place_spare_tire,True
/kaggle/input/changing-tires/remove_bolts/remove_bolts_12.mp4,place_spare_tire,place_spare_tire,True
/kaggle/input/changing-tires/remove_bolts/remove_bolts_13.mp4,place_spare_tire,place_spare_tire,True
/kaggle/input/changing-tires/remove_bolts/remove_bolts_14.mp4,place_spare_tire,place_spare_tire,True
/kaggle/input/changing-tires/remove_bolts/remove_bolts_15.mp4,place_spare_tire,place_spare_tire,True
/kaggle/input/changing-tires/remove_bolts/remove_bolts_16.mp4,place_spare_tire,place_spare_tire,True
/kaggle/input/changing-tires/remove_bolts/remove_bolts_17.mp4,place_spare_tire,place_spare_tire,True
/kaggle/input/changing-tires/remove_bolts/remove_bolts_18.mp4,place_spare_tire,place_spare_tire,True
/kaggle/input/changing-tires/remove_bolts/remove_bolts_19.mp4,place_spare_tire,place_spare_tire,True
/kaggle/input/changing-tires/remove_bolts/remove_bolts_20.mp4,place_spare_tire,place_spare_tire,True
/kaggle/input/changing-tires/remove_bolts/remove_bolts_21.mp4,place_spare_tire,place_spare_tire,True
/kaggle/input/changing-tires/remove_bolts/remove_bolts_22.mp4,place_spare_tire,place_spare_tire,True
/kaggle/input/changing-tires/remove_bolts/remove_bolts_23.mp4,place_spare_tire,place_spare_tire,True
/kaggle/input/changing-tires/remove_bolts/remove_bolts_24.mp4,place_spare_tire,place_spare_tire,True
/kaggle/input/changing-tires/remove_bolts/remove_bolts_12_brightness.mp4,place_spare_tire,place_spare_tire,True
/kaggle/input/changing-tires/remove_bolts/remove_bolts_22_contrast.mp4,place_spare_tire,place_spare_tire,True
/kaggle/input/changing-tires/remove_bolts/remove_bolts_15_dropout.mp4,place_spare_tire,place_spare_tire,True
/kaggle/input/changing-tires/remove_bolts/remove_bolts_24_fast_motion.mp4,place_spare_tire,place_spare_tire,True
/kaggle/input/changing-tires/remove_bolts/remove_bolts_16_gaussian_blur.mp4,place_spare_tire,place_spare_tire,True
/kaggle/input/changing-tires/remove_bolts/remove_bolts_17_noise.mp4,place_spare_tire,place_spare_tire,True
/kaggle/input/changing-tires/remove_bolts/remove_bolts_20_piecewise_affine.mp4,place_spare_tire,place_spare_tire,True
/kaggle/input/changing-tires/remove_bolts/remove_bolts_19_random_rotate.mp4,place_spare_tire,place_spare_tire,True
/kaggle/input/changing-tires/remove_bolts/remove_bolts_11_shear.mp4,place_spare_tire,place_spare_tire,True
/kaggle/input/changing-tires/remove_bolts/remove_bolts_11_slow_motion.mp4,place_spare_tire,place_spare_tire,True
/kaggle/input/changing-tires/remove_bolts/remove_bolts_14_brightness.mp4,place_spare_tire,place_spare_tire,True
/kaggle/input/changing-tires/remove_bolts/remove_bolts_16_contrast.mp4,place_spare_tire,place_spare_tire,True
/kaggle/input/changing-tires/remove_bolts/remove_bolts_16_dropout.mp4,place_spare_tire,place_spare_tire,True
/kaggle/input/changing-tires/remove_bolts/remove_bolts_11_fast_motion.mp4,place_spare_tire,place_spare_tire,True
/kaggle/input/changing-tires/remove_bolts/remove_bolts_23_gaussian_blur.mp4,place_spare_tire,place_spare_tire,True
/kaggle/input/changing-tires/remove_bolts/remove_bolts_24_noise.mp4,place_spare_tire,place_spare_tire,True
/kaggle/input/changing-tires/remove_bolts/remove_bolts_15_piecewise_affine.mp4,place_spare_tire,place_spare_tire,True
/kaggle/input/changing-tires/remove_bolts/remove_bolts_18_random_rotate.mp4,place_spare_tire,place_spare_tire,True
/kaggle/input/changing-tires/remove_bolts/remove_bolts_15_shear.mp4,place_spare_tire,place_spare_tire,True
/kaggle/input/changing-tires/remove_bolts/remove_bolts_18_slow_motion.mp4,place_spare_tire,place_spare_tire,True
/kaggle/input/changing-tires/remove_bolts/remove_bolts_19_brightness.mp4,place_spare_tire,place_spare_tire,True
/kaggle/input/changing-tires/remove_bolts/remove_bolts_12_contrast.mp4,place_spare_tire,place_spare_tire,True
/kaggle/input/changing-tires/remove_bolts/remove_bolts_11_dropout.mp4,place_spare_tire,place_spare_tire,True
/kaggle/input/changing-tires/remove_bolts/remove_bolts_19_fast_motion.mp4,place_spare_tire,place_spare_tire,True
/kaggle/input/changing-tires/remove_bolts/remove_bolts_12_gaussian_blur.mp4,place_spare_tire,place_spare_tire,True
/kaggle/input/changing-tires/remove_bolts/remove_bolts_16_noise.mp4,place_spare_tire,place_spare_tire,True
/kaggle/input/changing-tires/remove_bolts/remove_bolts_13_piecewise_affine.mp4,place_spare_tire,place_spare_tire,True
/kaggle/input/changing-tires/remove_bolts/remove_bolts_22_random_rotate.mp4,place_spare_tire,place_spare_tire,True
/kaggle/input/changing-tires/remove_bolts/remove_bolts_24_shear.mp4,place_spare_tire,place_spare_tire,True
/kaggle/input/changing-tires/remove_bolts/remove_bolts_22_slow_motion.mp4,place_spare_tire,place_spare_tire,True
/kaggle/input/changing-tires/remove_bolts/remove_bolts_23_brightness.mp4,place_spare_tire,place_spare_tire,True
/kaggle/input/changing-tires/remove_bolts/remove_bolts_14_contrast.mp4,place_spare_tire,place_spare_tire,True
/kaggle/input/changing-tires/remove_bolts/remove_bolts_17_dropout.mp4,place_spare_tire,place_spare_tire,True
/kaggle/input/changing-tires/remove_bolts/remove_bolts_17_fast_motion.mp4,place_spare_tire,place_spare_tire,True
/kaggle/input/changing-tires/remove_bolts/remove_bolts_24_gaussian_blur.mp4,place_spare_tire,place_spare_tire,True
/kaggle/input/changing-tires/remove_bolts/remove_bolts_13_noise.mp4,place_spare_tire,place_spare_tire,True
/kaggle/input/changing-tires/remove_bolts/remove_bolts_16_piecewise_affine.mp4,place_spare_tire,place_spare_tire,True
/kaggle/input/changing-tires/remove_bolts/remove_bolts_16_random_rotate.mp4,place_spare_tire,place_spare_tire,True
/kaggle/input/changing-tires/remove_bolts/remove_bolts_10_shear.mp4,place_spare_tire,place_spare_tire,True
/kaggle/input/changing-tires/remove_bolts/remove_bolts_13_slow_motion.mp4,place_spare_tire,place_spare_tire,True
/kaggle/input/changing-tires/remove_bolts/remove_bolts_17_brightness.mp4,place_spare_tire,place_spare_tire,True
/kaggle/input/changing-tires/remove_bolts/remove_bolts_24_contrast.mp4,place_spare_tire,place_spare_tire,True
/kaggle/input/changing-tires/remove_bolts/remove_bolts_14_dropout.mp4,place_spare_tire,remove_tire,False
/kaggle/input/changing-tires/remove_bolts/remove_bolts_14_fast_motion.mp4,place_spare_tire,place_spare_tire,True
/kaggle/input/changing-tires/remove_bolts/remove_bolts_15_gaussian_blur.mp4,place_spare_tire,place_spare_tire,True
/kaggle/input/changing-tires/remove_bolts/remove_bolts_10_noise.mp4,place_spare_tire,place_spare_tire,True
/kaggle/input/changing-tires/remove_bolts/remove_bolts_23_piecewise_affine.mp4,place_spare_tire,place_spare_tire,True
/kaggle/input/changing-tires/remove_bolts/remove_bolts_14_random_rotate.mp4,place_spare_tire,place_spare_tire,True
/kaggle/input/changing-tires/remove_bolts/remove_bolts_19_shear.mp4,place_spare_tire,place_spare_tire,True
/kaggle/input/changing-tires/remove_bolts/remove_bolts_21_slow_motion.mp4,place_spare_tire,place_spare_tire,True
/kaggle/input/changing-tires/remove_bolts/remove_bolts_16_brightness.mp4,place_spare_tire,place_spare_tire,True
/kaggle/input/changing-tires/remove_bolts/remove_bolts_21_contrast.mp4,place_spare_tire,place_spare_tire,True
/kaggle/input/changing-tires/remove_bolts/remove_bolts_22_dropout.mp4,place_spare_tire,place_spare_tire,True
/kaggle/input/changing-tires/remove_bolts/remove_bolts_16_fast_motion.mp4,place_spare_tire,place_spare_tire,True
/kaggle/input/changing-tires/remove_bolts/remove_bolts_21_gaussian_blur.mp4,place_spare_tire,place_spare_tire,True
/kaggle/input/changing-tires/remove_bolts/remove_bolts_20_noise.mp4,place_spare_tire,place_spare_tire,True
/kaggle/input/changing-tires/remove_bolts/remove_bolts_11_piecewise_affine.mp4,place_spare_tire,place_spare_tire,True
/kaggle/input/changing-tires/remove_bolts/remove_bolts_13_random_rotate.mp4,place_spare_tire,place_spare_tire,True
/kaggle/input/changing-tires/remove_bolts/remove_bolts_18_shear.mp4,place_spare_tire,place_spare_tire,True
/kaggle/input/changing-tires/remove_bolts/remove_bolts_20_slow_motion.mp4,place_spare_tire,place_spare_tire,True
/kaggle/input/changing-tires/remove_bolts/remove_bolts_22_brightness.mp4,place_spare_tire,place_spare_tire,True
/kaggle/input/changing-tires/remove_bolts/remove_bolts_20_contrast.mp4,place_spare_tire,place_spare_tire,True
/kaggle/input/changing-tires/remove_bolts/remove_bolts_13_dropout.mp4,place_spare_tire,place_spare_tire,True
/kaggle/input/changing-tires/remove_bolts/remove_bolts_12_fast_motion.mp4,place_spare_tire,place_spare_tire,True
/kaggle/input/changing-tires/remove_bolts/remove_bolts_10_gaussian_blur.mp4,place_spare_tire,place_spare_tire,True
/kaggle/input/changing-tires/remove_bolts/remove_bolts_22_noise.mp4,place_spare_tire,place_spare_tire,True
/kaggle/input/changing-tires/remove_bolts/remove_bolts_21_piecewise_affine.mp4,place_spare_tire,place_spare_tire,True
/kaggle/input/changing-tires/remove_bolts/remove_bolts_24_random_rotate.mp4,place_spare_tire,place_spare_tire,True
/kaggle/input/changing-tires/remove_bolts/remove_bolts_23_shear.mp4,place_spare_tire,place_spare_tire,True
/kaggle/input/changing-tires/remove_bolts/remove_bolts_10_slow_motion.mp4,place_spare_tire,place_spare_tire,True
/kaggle/input/changing-tires/remove_bolts/remove_bolts_18_brightness.mp4,place_spare_tire,place_spare_tire,True
/kaggle/input/changing-tires/remove_bolts/remove_bolts_19_contrast.mp4,place_spare_tire,place_spare_tire,True
/kaggle/input/changing-tires/remove_bolts/remove_bolts_24_dropout.mp4,place_spare_tire,place_spare_tire,True
/kaggle/input/changing-tires/remove_bolts/remove_bolts_23_fast_motion.mp4,place_spare_tire,place_spare_tire,True
/kaggle/input/changing-tires/remove_bolts/remove_bolts_19_gaussian_blur.mp4,place_spare_tire,place_spare_tire,True
/kaggle/input/changing-tires/remove_bolts/remove_bolts_18_noise.mp4,place_spare_tire,place_spare_tire,True
/kaggle/input/changing-tires/remove_tire/remove_tire_01.mp4,remove_bolts,remove_bolts,True
/kaggle/input/changing-tires/remove_tire/remove_tire_02.mp4,remove_bolts,remove_bolts,True
/kaggle/input/changing-tires/remove_tire/remove_tire_03.mp4,remove_bolts,remove_bolts,True
/kaggle/input/changing-tires/remove_tire/remove_tire_04.mp4,remove_bolts,remove_bolts,True
/kaggle/input/changing-tires/remove_tire/remove_tire_05.mp4,remove_bolts,remove_bolts,True
/kaggle/input/changing-tires/remove_tire/remove_tire_06.mp4,remove_bolts,remove_bolts,True
/kaggle/input/changing-tires/remove_tire/remove_tire_07.mp4,remove_bolts,remove_bolts,True
/kaggle/input/changing-tires/remove_tire/remove_tire_05_brightness.mp4,remove_bolts,remove_bolts,True
/kaggle/input/changing-tires/remove_tire/remove_tire_05_contrast.mp4,remove_bolts,remove_bolts,True
/kaggle/input/changing-tires/remove_tire/remove_tire_07_dropout.mp4,remove_bolts,remove_bolts,True
/kaggle/input/changing-tires/remove_tire/remove_tire_03_fast_motion.mp4,remove_bolts,remove_bolts,True
/kaggle/input/changing-tires/remove_tire/remove_tire_02_gaussian_blur.mp4,remove_bolts,remove_bolts,True
/kaggle/input/changing-tires/remove_tire/remove_tire_03_noise.mp4,remove_bolts,remove_bolts,True
/kaggle/input/changing-tires/remove_tire/remove_tire_01_piecewise_affine.mp4,remove_bolts,remove_bolts,True
/kaggle/input/changing-tires/remove_tire/remove_tire_01_random_rotate.mp4,remove_bolts,remove_bolts,True
/kaggle/input/changing-tires/remove_tire/remove_tire_02_shear.mp4,remove_bolts,remove_bolts,True
/kaggle/input/changing-tires/remove_tire/remove_tire_01_slow_motion.mp4,remove_bolts,remove_bolts,True
/kaggle/input/changing-tires/remove_tire/remove_tire_07_brightness.mp4,remove_bolts,remove_bolts,True
/kaggle/input/changing-tires/remove_tire/remove_tire_01_contrast.mp4,remove_bolts,remove_bolts,True
/kaggle/input/changing-tires/remove_tire/remove_tire_05_dropout.mp4,remove_bolts,remove_bolts,True
/kaggle/input/changing-tires/remove_tire/remove_tire_04_fast_motion.mp4,remove_bolts,remove_bolts,True
/kaggle/input/changing-tires/remove_tire/remove_tire_01_gaussian_blur.mp4,remove_bolts,remove_bolts,True
/kaggle/input/changing-tires/remove_tire/remove_tire_01_noise.mp4,remove_bolts,remove_bolts,True
/kaggle/input/changing-tires/remove_tire/remove_tire_03_piecewise_affine.mp4,remove_bolts,remove_bolts,True
/kaggle/input/changing-tires/remove_tire/remove_tire_07_random_rotate.mp4,remove_bolts,remove_bolts,True
/kaggle/input/changing-tires/remove_tire/remove_tire_01_shear.mp4,remove_bolts,remove_bolts,True
/kaggle/input/changing-tires/remove_tire/remove_tire_05_slow_motion.mp4,remove_bolts,remove_bolts,True
/kaggle/input/changing-tires/remove_tire/remove_tire_02_brightness.mp4,remove_bolts,remove_bolts,True
/kaggle/input/changing-tires/remove_tire/remove_tire_06_contrast.mp4,remove_bolts,remove_bolts,True
/kaggle/input/changing-tires/remove_tire/remove_tire_03_dropout.mp4,remove_bolts,remove_bolts,True
/kaggle/input/changing-tires/remove_tire/remove_tire_02_fast_motion.mp4,remove_bolts,remove_bolts,True
/kaggle/input/changing-tires/remove_tire/remove_tire_06_gaussian_blur.mp4,remove_bolts,remove_bolts,True
/kaggle/input/changing-tires/remove_tire/remove_tire_02_noise.mp4,remove_bolts,remove_bolts,True
/kaggle/input/changing-tires/remove_tire/remove_tire_06_piecewise_affine.mp4,remove_bolts,remove_bolts,True
/kaggle/input/changing-tires/remove_tire/remove_tire_03_random_rotate.mp4,remove_bolts,remove_bolts,True
/kaggle/input/changing-tires/remove_tire/remove_tire_04_shear.mp4,remove_bolts,remove_bolts,True
/kaggle/input/changing-tires/remove_tire/remove_tire_06_slow_motion.mp4,remove_bolts,remove_bolts,True
/kaggle/input/changing-tires/remove_tire/remove_tire_04_brightness.mp4,remove_bolts,remove_bolts,True
/kaggle/input/changing-tires/remove_tire/remove_tire_03_contrast.mp4,remove_bolts,remove_bolts,True
/kaggle/input/changing-tires/remove_tire/remove_tire_04_dropout.mp4,remove_bolts,remove_bolts,True
/kaggle/input/changing-tires/remove_tire/remove_tire_05_fast_motion.mp4,remove_bolts,remove_bolts,True
/kaggle/input/changing-tires/remove_tire/remove_tire_03_gaussian_blur.mp4,remove_bolts,remove_bolts,True
/kaggle/input/changing-tires/remove_tire/remove_tire_04_noise.mp4,remove_bolts,remove_bolts,True
/kaggle/input/changing-tires/remove_tire/remove_tire_07_piecewise_affine.mp4,remove_bolts,remove_bolts,True
/kaggle/input/changing-tires/remove_tire/remove_tire_04_random_rotate.mp4,remove_bolts,remove_bolts,True
/kaggle/input/changing-tires/remove_tire/remove_tire_05_shear.mp4,remove_bolts,remove_bolts,True
/kaggle/input/changing-tires/remove_tire/remove_tire_04_slow_motion.mp4,remove_bolts,remove_bolts,True
/kaggle/input/changing-tires/remove_tire/remove_tire_01_brightness.mp4,remove_bolts,remove_bolts,True
/kaggle/input/changing-tires/remove_tire/remove_tire_02_contrast.mp4,remove_bolts,remove_bolts,True
/kaggle/input/changing-tires/remove_tire/remove_tire_01_dropout.mp4,remove_bolts,remove_bolts,True
/kaggle/input/changing-tires/remove_tire/remove_tire_01_fast_motion.mp4,remove_bolts,remove_bolts,True
/kaggle/input/changing-tires/remove_tire/remove_tire_07_gaussian_blur.mp4,remove_bolts,remove_bolts,True
/kaggle/input/changing-tires/remove_tire/remove_tire_07_noise.mp4,remove_bolts,remove_bolts,True
/kaggle/input/changing-tires/remove_tire/remove_tire_02_piecewise_affine.mp4,remove_bolts,remove_bolts,True
/kaggle/input/changing-tires/remove_tire/remove_tire_06_random_rotate.mp4,remove_bolts,remove_bolts,True
/kaggle/input/changing-tires/remove_tire/remove_tire_03_shear.mp4,remove_bolts,remove_bolts,True
/kaggle/input/changing-tires/remove_tire/remove_tire_02_slow_motion.mp4,remove_bolts,remove_bolts,True
/kaggle/input/changing-tires/remove_tire/remove_tire_06_brightness.mp4,remove_bolts,remove_bolts,True
/kaggle/input/changing-tires/remove_tire/remove_tire_07_contrast.mp4,remove_bolts,remove_bolts,True
/kaggle/input/changing-tires/remove_tire/remove_tire_02_dropout.mp4,remove_bolts,remove_bolts,True
/kaggle/input/changing-tires/remove_tire/remove_tire_07_fast_motion.mp4,remove_bolts,remove_bolts,True
/kaggle/input/changing-tires/remove_tire/remove_tire_05_gaussian_blur.mp4,remove_bolts,remove_bolts,True
/kaggle/input/changing-tires/remove_tire/remove_tire_05_noise.mp4,remove_bolts,remove_bolts,True
/kaggle/input/changing-tires/remove_tire/remove_tire_05_piecewise_affine.mp4,remove_bolts,remove_bolts,True
/kaggle/input/changing-tires/remove_tire/remove_tire_05_random_rotate.mp4,remove_bolts,remove_bolts,True
/kaggle/input/changing-tires/remove_tire/remove_tire_06_shear.mp4,remove_bolts,remove_bolts,True
/kaggle/input/changing-tires/remove_tire/remove_tire_03_slow_motion.mp4,remove_bolts,remove_bolts,True
/kaggle/input/changing-tires/remove_tire/remove_tire_03_brightness.mp4,remove_bolts,remove_bolts,True
/kaggle/input/changing-tires/remove_tire/remove_tire_04_contrast.mp4,remove_bolts,remove_bolts,True
/kaggle/input/changing-tires/remove_tire/remove_tire_06_dropout.mp4,remove_bolts,remove_bolts,True
/kaggle/input/changing-tires/remove_tire/remove_tire_06_fast_motion.mp4,remove_bolts,remove_bolts,True
/kaggle/input/changing-tires/remove_tire/remove_tire_04_gaussian_blur.mp4,remove_bolts,remove_bolts,True
/kaggle/input/changing-tires/remove_tire/remove_tire_06_noise.mp4,remove_bolts,remove_bolts,True
/kaggle/input/changing-tires/remove_tire/remove_tire_04_piecewise_affine.mp4,remove_bolts,remove_bolts,True
/kaggle/input/changing-tires/remove_tire/remove_tire_02_random_rotate.mp4,remove_bolts,remove_bolts,True
/kaggle/input/changing-tires/remove_tire/remove_tire_07_shear.mp4,remove_bolts,remove_bolts,True
/kaggle/input/changing-tires/remove_tire/remove_tire_07_slow_motion.mp4,remove_bolts,remove_bolts,True
/kaggle/input/changing-tires/tighten_bolts/tighten_bolts_01.mp4,remove_tire,remove_tire,True
/kaggle/input/changing-tires/tighten_bolts/tighten_bolts_02.mp4,remove_tire,remove_tire,True
/kaggle/input/changing-tires/tighten_bolts/tighten_bolts_03.mp4,remove_tire,remove_tire,True
/kaggle/input/changing-tires/tighten_bolts/tighten_bolts_04.mp4,remove_tire,remove_tire,True
/kaggle/input/changing-tires/tighten_bolts/tighten_bolts_05.mp4,remove_tire,remove_tire,True
/kaggle/input/changing-tires/tighten_bolts/tighten_bolts_06.mp4,remove_tire,remove_tire,True
/kaggle/input/changing-tires/tighten_bolts/tighten_bolts_07.mp4,remove_tire,remove_tire,True
/kaggle/input/changing-tires/tighten_bolts/tighten_bolts_08.mp4,remove_tire,remove_tire,True
/kaggle/input/changing-tires/tighten_bolts/tighten_bolts_09.mp4,remove_tire,remove_tire,True
/kaggle/input/changing-tires/tighten_bolts/tighten_bolts_10.mp4,remove_tire,remove_tire,True
/kaggle/input/changing-tires/tighten_bolts/tighten_bolts_11.mp4,remove_tire,remove_tire,True
/kaggle/input/changing-tires/tighten_bolts/tighten_bolts_05_brightness.mp4,remove_tire,remove_tire,True
/kaggle/input/changing-tires/tighten_bolts/tighten_bolts_11_contrast.mp4,remove_tire,remove_tire,True
/kaggle/input/changing-tires/tighten_bolts/tighten_bolts_06_dropout.mp4,remove_tire,remove_tire,True
/kaggle/input/changing-tires/tighten_bolts/tighten_bolts_08_fast_motion.mp4,remove_tire,remove_tire,True
/kaggle/input/changing-tires/tighten_bolts/tighten_bolts_07_gaussian_blur.mp4,remove_tire,remove_tire,True
/kaggle/input/changing-tires/tighten_bolts/tighten_bolts_10_noise.mp4,remove_tire,remove_tire,True
/kaggle/input/changing-tires/tighten_bolts/tighten_bolts_07_piecewise_affine.mp4,remove_tire,remove_tire,True
/kaggle/input/changing-tires/tighten_bolts/tighten_bolts_06_random_rotate.mp4,remove_tire,remove_tire,True
/kaggle/input/changing-tires/tighten_bolts/tighten_bolts_09_shear.mp4,remove_tire,remove_tire,True
/kaggle/input/changing-tires/tighten_bolts/tighten_bolts_05_slow_motion.mp4,remove_tire,remove_tire,True
/kaggle/input/changing-tires/tighten_bolts/tighten_bolts_08_brightness.mp4,remove_tire,remove_tire,True
/kaggle/input/changing-tires/tighten_bolts/tighten_bolts_04_contrast.mp4,remove_tire,remove_tire,True
/kaggle/input/changing-tires/tighten_bolts/tighten_bolts_10_dropout.mp4,remove_tire,remove_tire,True
/kaggle/input/changing-tires/tighten_bolts/tighten_bolts_03_fast_motion.mp4,remove_tire,remove_tire,True
/kaggle/input/changing-tires/tighten_bolts/tighten_bolts_03_gaussian_blur.mp4,remove_tire,remove_tire,True
/kaggle/input/changing-tires/tighten_bolts/tighten_bolts_05_noise.mp4,remove_tire,remove_tire,True
/kaggle/input/changing-tires/tighten_bolts/tighten_bolts_06_piecewise_affine.mp4,remove_tire,remove_tire,True
/kaggle/input/changing-tires/tighten_bolts/tighten_bolts_11_random_rotate.mp4,remove_tire,remove_tire,True
/kaggle/input/changing-tires/tighten_bolts/tighten_bolts_11_shear.mp4,remove_tire,remove_tire,True
/kaggle/input/changing-tires/tighten_bolts/tighten_bolts_06_slow_motion.mp4,remove_tire,remove_tire,True
/kaggle/input/changing-tires/tighten_bolts/tighten_bolts_06_brightness.mp4,remove_tire,remove_tire,True
/kaggle/input/changing-tires/tighten_bolts/tighten_bolts_10_contrast.mp4,remove_tire,remove_tire,True
/kaggle/input/changing-tires/tighten_bolts/tighten_bolts_04_dropout.mp4,remove_tire,remove_tire,True
/kaggle/input/changing-tires/tighten_bolts/tighten_bolts_10_fast_motion.mp4,remove_tire,remove_tire,True
/kaggle/input/changing-tires/tighten_bolts/tighten_bolts_05_gaussian_blur.mp4,remove_tire,remove_tire,True
/kaggle/input/changing-tires/tighten_bolts/tighten_bolts_03_noise.mp4,remove_tire,remove_tire,True
/kaggle/input/changing-tires/tighten_bolts/tighten_bolts_11_piecewise_affine.mp4,remove_tire,remove_tire,True
/kaggle/input/changing-tires/tighten_bolts/tighten_bolts_10_random_rotate.mp4,remove_tire,remove_tire,True
/kaggle/input/changing-tires/tighten_bolts/tighten_bolts_04_shear.mp4,remove_tire,remove_tire,True
/kaggle/input/changing-tires/tighten_bolts/tighten_bolts_11_slow_motion.mp4,remove_tire,remove_tire,True
/kaggle/input/changing-tires/tighten_bolts/tighten_bolts_11_brightness.mp4,remove_tire,remove_tire,True
/kaggle/input/changing-tires/tighten_bolts/tighten_bolts_09_contrast.mp4,remove_tire,remove_tire,True
/kaggle/input/changing-tires/tighten_bolts/tighten_bolts_05_dropout.mp4,remove_tire,remove_tire,True
/kaggle/input/changing-tires/tighten_bolts/tighten_bolts_05_fast_motion.mp4,remove_tire,remove_tire,True
/kaggle/input/changing-tires/tighten_bolts/tighten_bolts_06_gaussian_blur.mp4,remove_tire,remove_tire,True
/kaggle/input/changing-tires/tighten_bolts/tighten_bolts_08_noise.mp4,remove_tire,remove_tire,True
/kaggle/input/changing-tires/tighten_bolts/tighten_bolts_03_piecewise_affine.mp4,remove_tire,remove_tire,True
/kaggle/input/changing-tires/tighten_bolts/tighten_bolts_09_random_rotate.mp4,remove_tire,remove_tire,True
/kaggle/input/changing-tires/tighten_bolts/tighten_bolts_06_shear.mp4,remove_tire,remove_tire,True
/kaggle/input/changing-tires/tighten_bolts/tighten_bolts_08_slow_motion.mp4,remove_tire,remove_tire,True
/kaggle/input/changing-tires/tighten_bolts/tighten_bolts_09_brightness.mp4,remove_tire,remove_tire,True
/kaggle/input/changing-tires/tighten_bolts/tighten_bolts_05_contrast.mp4,remove_tire,remove_tire,True
/kaggle/input/changing-tires/tighten_bolts/tighten_bolts_07_dropout.mp4,remove_tire,remove_tire,True
/kaggle/input/changing-tires/tighten_bolts/tighten_bolts_07_fast_motion.mp4,remove_tire,remove_tire,True
/kaggle/input/changing-tires/tighten_bolts/tighten_bolts_08_gaussian_blur.mp4,remove_tire,remove_tire,True
/kaggle/input/changing-tires/tighten_bolts/tighten_bolts_07_noise.mp4,remove_tire,remove_tire,True
/kaggle/input/changing-tires/tighten_bolts/tighten_bolts_09_piecewise_affine.mp4,remove_tire,remove_tire,True
/kaggle/input/changing-tires/tighten_bolts/tighten_bolts_07_random_rotate.mp4,remove_tire,remove_tire,True
/kaggle/input/changing-tires/tighten_bolts/tighten_bolts_08_shear.mp4,remove_tire,remove_tire,True
/kaggle/input/changing-tires/tighten_bolts/tighten_bolts_03_slow_motion.mp4,remove_tire,remove_tire,True
/kaggle/input/changing-tires/tighten_bolts/tighten_bolts_03_brightness.mp4,remove_tire,remove_tire,True
/kaggle/input/changing-tires/tighten_bolts/tighten_bolts_03_contrast.mp4,remove_tire,remove_tire,True
/kaggle/input/changing-tires/tighten_bolts/tighten_bolts_03_dropout.mp4,remove_tire,remove_tire,True
/kaggle/input/changing-tires/tighten_bolts/tighten_bolts_06_fast_motion.mp4,remove_tire,remove_tire,True
/kaggle/input/changing-tires/tighten_bolts/tighten_bolts_11_gaussian_blur.mp4,remove_tire,remove_tire,True
/kaggle/input/changing-tires/tighten_bolts/tighten_bolts_09_noise.mp4,remove_tire,remove_tire,True
/kaggle/input/changing-tires/tighten_bolts/tighten_bolts_05_piecewise_affine.mp4,remove_tire,remove_tire,True
/kaggle/input/changing-tires/tighten_bolts/tighten_bolts_03_random_rotate.mp4,remove_tire,remove_tire,True
/kaggle/input/changing-tires/tighten_bolts/tighten_bolts_10_shear.mp4,remove_tire,remove_tire,True
/kaggle/input/changing-tires/tighten_bolts/tighten_bolts_09_slow_motion.mp4,remove_tire,remove_tire,True
/kaggle/input/changing-tires/tighten_bolts/tighten_bolts_10_brightness.mp4,remove_tire,remove_tire,True
/kaggle/input/changing-tires/tighten_bolts/tighten_bolts_07_contrast.mp4,remove_tire,remove_tire,True
/kaggle/input/changing-tires/tighten_bolts/tighten_bolts_08_dropout.mp4,remove_tire,remove_tire,True
/kaggle/input/changing-tires/tighten_bolts/tighten_bolts_04_fast_motion.mp4,remove_tire,remove_tire,True
/kaggle/input/changing-tires/tighten_bolts/tighten_bolts_09_gaussian_blur.mp4,remove_tire,remove_tire,True
/kaggle/input/changing-tires/tighten_bolts/tighten_bolts_11_noise.mp4,remove_tire,remove_tire,True
/kaggle/input/changing-tires/tighten_bolts/tighten_bolts_08_piecewise_affine.mp4,remove_tire,remove_tire,True
/kaggle/input/changing-tires/tighten_bolts/tighten_bolts_08_random_rotate.mp4,remove_tire,remove_tire,True
/kaggle/input/changing-tires/tighten_bolts/tighten_bolts_07_shear.mp4,remove_tire,remove_tire,True
/kaggle/input/changing-tires/tighten_bolts/tighten_bolts_07_slow_motion.mp4,remove_tire,remove_tire,True
/kaggle/input/changing-tires/tighten_bolts/tighten_bolts_04_brightness.mp4,remove_tire,remove_tire,True
/kaggle/input/changing-tires/tighten_bolts/tighten_bolts_06_contrast.mp4,remove_tire,remove_tire,True
/kaggle/input/changing-tires/tighten_bolts/tighten_bolts_11_dropout.mp4,remove_tire,remove_tire,True
/kaggle/input/changing-tires/tighten_bolts/tighten_bolts_09_fast_motion.mp4,remove_tire,remove_tire,True
/kaggle/input/changing-tires/tighten_bolts/tighten_bolts_04_gaussian_blur.mp4,remove_tire,remove_tire,True
/kaggle/input/changing-tires/tighten_bolts/tighten_bolts_06_noise.mp4,remove_tire,remove_tire,True
/kaggle/input/changing-tires/tighten_bolts/tighten_bolts_10_piecewise_affine.mp4,remove_tire,remove_tire,True
/kaggle/input/changing-tires/tighten_bolts/tighten_bolts_05_random_rotate.mp4,remove_tire,remove_tire,True
/kaggle/input/changing-tires/tighten_bolts/tighten_bolts_05_shear.mp4,remove_tire,remove_tire,True
/kaggle/input/changing-tires/tighten_bolts/tighten_bolts_10_slow_motion.mp4,remove_tire,remove_tire,True
/kaggle/input/changing-tires/tighten_bolts/tighten_bolts_07_brightness.mp4,remove_tire,remove_tire,True
/kaggle/input/changing-tires/tighten_bolts/tighten_bolts_08_contrast.mp4,remove_tire,remove_tire,True
/kaggle/input/changing-tires/tighten_bolts/tighten_bolts_09_dropout.mp4,remove_tire,remove_tire,True
/kaggle/input/changing-tires/tighten_bolts/tighten_bolts_11_fast_motion.mp4,remove_tire,remove_tire,True
/kaggle/input/changing-tires/tighten_bolts/tighten_bolts_10_gaussian_blur.mp4,remove_tire,remove_tire,True
/kaggle/input/changing-tires/tighten_bolts/tighten_bolts_04_noise.mp4,remove_tire,remove_tire,True
/kaggle/input/changing-tires/tighten_bolts/tighten_bolts_04_piecewise_affine.mp4,remove_tire,remove_tire,True
/kaggle/input/changing-tires/tighten_bolts/tighten_bolts_04_random_rotate.mp4,remove_tire,remove_tire,True
/kaggle/input/changing-tires/tighten_bolts/tighten_bolts_03_shear.mp4,remove_tire,remove_tire,True
